acc	name	case	bg	odds	p_all	q_fdr	case_gt400	bg_gt400	p_gt400	neutral
PF00589.28	Phage_integrase	257	26	9.885	7.85e-50	3.81e-46	72	5	1.9e-21	False
PF12728.14	HTH_17	191	10	19.100	3.4e-45	8.27e-42	2	0	0.183	False
PF00239.27	Resolvase	110	4	27.500	2.52e-28	4.08e-25	55	2	1.92e-18	False
PF07508.20	Recombinase	79	2	39.500	1.19e-21	1.44e-18	57	2	3.64e-19	False
PF04986.19	Y2_Tnp	51	0	inf	4.17e-16	4.05e-13	11	0	8.7e-05	False
PF14319.12	Zn_Tnp_IS91	47	0	inf	6.73e-15	5.45e-12	11	0	8.7e-05	False
PF13408.13	Zn_ribbon_recom	55	2	27.500	1.07e-14	7.43e-12	50	2	1.2e-16	False
PF02899.24	Phage_int_SAM_1	67	7	9.571	9.7e-14	5.89e-11	10	1	0.00137	False
PF02371.23	Transposase_20	65	7	9.286	3.2e-13	1.73e-10	13	0	1.58e-05	False
PF01381.29	HTH_3	118	34	3.471	1.94e-12	9.41e-10	2	0	0.183	False
PF00665.33	rve	39	1	39.000	3.6e-11	1.59e-08	7	0	0.00262	False
PF11149.14	DUF2924	32	0	inf	2.27e-10	9.19e-08	0	0	1	False
PF05930.20	Phage_AlpA	30	1	30.000	1.46e-08	5.46e-06	0	0	1	False
PF13443.13	HTH_26	65	17	3.824	4.23e-08	1.47e-05	1	0	0.428	False
PF13276.13	HTH_21	24	0	inf	5.88e-08	1.9e-05	0	0	1	False
PF12844.14	HTH_19	43	7	6.143	1.02e-07	3.09e-05	1	0	0.428	False
PF13102.13	Phage_int_SAM_5	23	0	inf	1.18e-07	3.36e-05	8	0	0.00112	False
PF01609.28	DDE_Tnp_1	49	10	4.900	1.3e-07	3.52e-05	17	4	0.000402	False
PF01548.24	DEDD_Tnp_IS110	37	5	7.400	2.16e-07	5.52e-05	13	0	1.58e-05	False
PF13495.13	Phage_int_SAM_4	29	2	14.500	2.27e-07	5.52e-05	1	0	0.428	False
PF13560.13	HTH_31	73	25	2.920	6.04e-07	0.00014	2	0	0.183	False
PF01330.28	RuvA_N	35	5	7.000	6.76e-07	0.000149	0	0	1	False
PF07499.20	RuvA_C	33	5	6.600	2.09e-06	0.000441	0	0	1	False
PF01526.24	DDE_Tnp_Tn3	18	0	inf	3.79e-06	0.000766	11	0	8.7e-05	False
PF13683.13	rve_3	30	5	6.000	1.1e-05	0.00214	2	0	0.183	False
PF13384.13	HTH_23	29	6	4.833	5.77e-05	0.0108	3	0	0.0784	False
PF13700.12	DUF4158	13	0	inf	0.000122	0.0211	10	0	0.000204	False
PF20199.5	RepSA	13	0	inf	0.000122	0.0211	11	0	8.7e-05	False
PF22022.3	Phage_int_M	16	1	16.000	0.000137	0.0215	5	1	0.0553	False
PF03050.21	DDE_Tnp_IS66	21	3	7.000	0.000138	0.0215	8	1	0.00624	False
PF02195.27	ParB_N	21	3	7.000	0.000138	0.0215	2	0	0.183	False
PF14659.13	Phage_int_SAM_3	22	4	5.500	0.000265	0.0402	3	1	0.213	False
PF13356.13	Arm-DNA-bind_3	17	2	8.500	0.000362	0.0533	5	1	0.0553	False
PF13518.13	HTH_28	25	6	4.167	0.000435	0.0622	3	2	0.367	False
PF02796.22	HTH_7	11	0	inf	0.000487	0.0639	0	0	1	False
PF07506.18	RepB	11	0	inf	0.000487	0.0639	0	0	1	False
PF17293.9	Arm-DNA-bind_5	11	0	inf	0.000487	0.0639	6	0	0.00612	False
PF01695.24	IstB_IS21	26	7	3.714	0.000654	0.0835	2	3	0.71	False
PF12631.13	MnmE_helical	10	0	inf	0.000974	0.113	8	0	0.00112	False
PF22483.3	Mu-transpos_C_2	10	0	inf	0.000974	0.113	8	0	0.00112	False
PF13730.13	HTH_36	10	0	inf	0.000974	0.113	0	0	1	False
PF05016.22	ParE_toxin	10	0	inf	0.000974	0.113	0	0	1	False
PF10396.15	TrmE_N	9	0	inf	0.00195	0.215	8	0	0.00112	False
PF13005.13	zf-IS66	9	0	inf	0.00195	0.215	4	0	0.0335	False
PF21983.3	NikA-like	14	2	7.000	0.00208	0.225	0	0	1	False
PF14520.13	HHH_5	36	15	2.400	0.00228	0.24	0	6	1	False
PF17886.8	ArsA_HSP20	11	1	11.000	0.00317	0.32	4	0	0.0335	False
PF13340.12	DUF4096	11	1	11.000	0.00317	0.32	0	0	1	False
PF01420.26	Methylase_S	13	2	6.500	0.00368	0.338	3	1	0.213	False
PF13551.13	HTH_29	13	2	6.500	0.00368	0.338	1	1	0.673	False
PF23343.3	REP_ORF2-G2P	8	0	inf	0.0039	0.338	2	0	0.183	False
PF19263.6	DUF5906	8	0	inf	0.0039	0.338	7	0	0.00262	False
PF20612.4	SHOCT_2	8	0	inf	0.0039	0.338	0	0	1	False
PF29688.1	TnsB_C	8	0	inf	0.0039	0.338	7	0	0.00262	False
PF09299.18	Mu-transpos_C	8	0	inf	0.0039	0.338	7	0	0.00262	False
PF14287.12	DUF4368	8	0	inf	0.0039	0.338	7	0	0.00262	False
PF02661.24	Fic	22	7	3.143	0.00404	0.344	5	2	0.126	False
PF13481.13	AAA_25	20	6	3.333	0.00466	0.39	6	5	0.312	False
PF13411.13	MerR_1	23	8	2.875	0.00531	0.43	0	0	1	False
PF01527.27	HTH_Tnp_1	23	8	2.875	0.00531	0.43	0	0	1	False
PF11740.14	KfrA_N	10	1	10.000	0.00585	0.466	1	0	0.428	False
PF06114.20	Peptidase_M78	12	2	6.000	0.00645	0.506	0	0	1	False
PF00872.25	Transposase_mut	24	9	2.667	0.00673	0.519	10	1	0.00137	False
PF09035.17	Tn916-Xis	7	0	inf	0.0078	0.574	0	0	1	False
PF14202.12	TnpW	7	0	inf	0.0078	0.574	0	0	1	False
PF12696.14	TraG-D_C	7	0	inf	0.0078	0.574	6	0	0.00612	False
PF00497.26	SBP_bac_3	22	8	2.750	0.00802	0.582	2	1	0.393	False
PF13333.13	rve_2	15	4	3.750	0.00958	0.684	0	0	1	False
PF13751.13	DDE_Tnp_1_6	9	1	9.000	0.0107	0.724	5	0	0.0143	False
PF21757.3	DUF6870	9	1	9.000	0.0107	0.724	0	0	1	False
PF01385.26	OrfB_IS605	9	1	9.000	0.0107	0.724	4	0	0.0335	False
PF23562.3	AMP-binding_C_3	9	1	9.000	0.0107	0.724	9	0	0.000477	False
PF13358.13	DDE_3	11	2	5.500	0.0112	0.736	0	0	1	False
PF13701.13	DDE_Tnp_1_4	11	2	5.500	0.0112	0.736	7	1	0.0131	False
PF19776.6	DUF6262	6	0	inf	0.0156	0.96	0	0	1	False
PF12089.14	DUF3566	6	0	inf	0.0156	0.96	0	0	1	False
PF12323.15	HTH_OrfB_IS605	6	0	inf	0.0156	0.96	2	0	0.183	False
PF13362.13	Toprim_3	6	0	inf	0.0156	0.96	3	0	0.0784	False
PF02530.21	Porin_2	6	0	inf	0.0156	0.96	2	0	0.183	False
PF07282.19	Cas12f1-like_TNB	10	2	5.000	0.0193	1	4	1	0.11	False
PF08843.18	AbiEii	10	2	5.000	0.0193	1	0	0	1	False
PF02599.22	CsrA	8	1	8.000	0.0195	1	0	0	1	False
PF11994.15	DUF3489	8	1	8.000	0.0195	1	0	0	1	False
PF13676.12	TIR_2	8	1	8.000	0.0195	1	2	0	0.183	False
PF13817.12	DDE_Tnp_IS66_C	8	1	8.000	0.0195	1	4	1	0.11	False
PF04002.21	RadC	8	1	8.000	0.0195	1	0	0	1	False
PF02547.21	Queuosine_synth	13	4	3.250	0.0245	1	0	0	1	False
PF07618.17	DUF1580	5	0	inf	0.0312	1	0	0	1	False
PF12835.13	Integrase_1	5	0	inf	0.0312	1	0	0	1	False
PF13148.12	DUF3987	5	0	inf	0.0312	1	5	0	0.0143	False
PF01076.26	Mob_Pre	5	0	inf	0.0312	1	1	0	0.428	False
PF31144.1	AICE_RepA	5	0	inf	0.0312	1	4	0	0.0335	False
PF02572.22	CobA_CobO_BtuR	5	0	inf	0.0312	1	0	0	1	False
PF06050.20	HGD-D	5	0	inf	0.0312	1	3	0	0.0784	False
PF31158.1	AICE_RepA_C	5	0	inf	0.0312	1	4	0	0.0335	False
PF13936.13	HTH_38	9	2	4.500	0.0327	1	0	0	1	False
PF07804.19	HipA_C	9	2	4.500	0.0327	1	4	2	0.22	False
PF12645.14	HTH_16	7	1	7.000	0.0351	1	0	0	1	False
PF00380.26	Ribosomal_S9	7	1	7.000	0.0351	1	0	0	1	False
PF13616.13	Rotamase_3	7	1	7.000	0.0351	1	3	1	0.213	False
PF13175.13	AAA_15	12	4	3.000	0.0383	1	10	3	0.0135	False
PF05598.17	DUF772	12	4	3.000	0.0383	1	5	1	0.0553	False
PF01555.25	N6_N4_Mtase	10	3	3.333	0.0461	1	4	0	0.0335	False
PF05164.19	ZapA	8	2	4.000	0.0546	1	0	0	1	False
PF13145.13	Rotamase_2	8	2	4.000	0.0546	1	3	1	0.213	False
PF12161.15	HsdM_N	8	2	4.000	0.0546	1	6	2	0.0693	False
PF07669.18	Eco57I	8	2	4.000	0.0546	1	6	0	0.00612	False
PF01402.28	RHH_1	8	2	4.000	0.0546	1	0	0	1	False
PF00216.27	Bac_DNA_binding	14	6	2.333	0.0576	1	0	0	1	False
PF00078.33	RVT_1	11	4	2.750	0.0592	1	6	3	0.134	False
PF12762.14	DDE_Tnp_IS1595	6	1	6.000	0.0625	1	0	0	1	False
PF10613.15	Lig_chan-Glu_bd	6	1	6.000	0.0625	1	0	0	1	False
PF05717.19	TnpB_IS66	6	1	6.000	0.0625	1	0	0	1	False
PF06821.20	Ser_hydrolase	6	1	6.000	0.0625	1	0	0	1	False
PF12760.13	Zn_ribbon_IS1595	6	1	6.000	0.0625	1	0	0	1	False
PF13155.13	Toprim_2	6	1	6.000	0.0625	1	4	1	0.11	False
PF17761.8	DUF1016_N	6	1	6.000	0.0625	1	1	0	0.428	False
PF08751.18	TrwC	6	1	6.000	0.0625	1	6	1	0.0272	False
PF13007.13	LZ_Tnp_IS66	6	1	6.000	0.0625	1	4	1	0.11	False
PF06250.18	YhcG_C	6	1	6.000	0.0625	1	1	0	0.428	False
PF05272.18	VapE-like_dom	4	0	inf	0.0625	1	4	0	0.0335	False
PF05707.19	Zot	4	0	inf	0.0625	1	0	0	1	False
PF13542.13	HTH_Tnp_ISL3	4	0	inf	0.0625	1	1	0	0.428	False
PF05569.18	Peptidase_M56	4	0	inf	0.0625	1	3	0	0.0784	False
PF13613.13	HTH_Tnp_4	4	0	inf	0.0625	1	0	0	1	False
PF07514.18	TraI_2	4	0	inf	0.0625	1	1	0	0.428	False
PF10543.15	ORF6N	4	0	inf	0.0625	1	0	0	1	False
PF27228.1	MTBMA_p00010_2nd	4	0	inf	0.0625	1	4	0	0.0335	False
PF02574.23	S-methyl_trans	4	0	inf	0.0625	1	3	0	0.0784	False
PF05015.19	HigB-like_toxin	4	0	inf	0.0625	1	0	0	1	False
PF18106.8	Rol_Rep_N	4	0	inf	0.0625	1	0	0	1	False
PF01637.25	ATPase_2	4	0	inf	0.0625	1	4	0	0.0335	False
PF13986.12	DUF4224	4	0	inf	0.0625	1	0	0	1	False
PF02554.21	CstA	4	0	inf	0.0625	1	4	0	0.0335	False
PF12784.14	PDDEXK_2	4	0	inf	0.0625	1	0	0	1	False
PF13784.12	Fic_N	4	0	inf	0.0625	1	0	0	1	False
PF02699.22	YajC	4	0	inf	0.0625	1	0	0	1	False
PF02920.22	Integrase_DNA	4	0	inf	0.0625	1	1	0	0.428	False
PF13546.13	DDE_5	4	0	inf	0.0625	1	1	0	0.428	False
PF11391.14	DUF2798	4	0	inf	0.0625	1	0	0	1	False
PF12307.14	DUF3631	4	0	inf	0.0625	1	3	0	0.0784	False
PF01183.27	Glyco_hydro_25	4	0	inf	0.0625	1	1	0	0.428	False
PF06541.17	ABC_trans_CmpB	4	0	inf	0.0625	1	1	0	0.428	False
PF07929.17	PRiA4_ORF3	4	0	inf	0.0625	1	0	0	1	False
PF20469.5	OLD-like_TOPRIM	4	0	inf	0.0625	1	4	0	0.0335	False
PF22679.3	T1R_D3-like	9	3	3.000	0.0729	1	8	3	0.0447	False
PF10412.16	TrwB_AAD_bind	9	3	3.000	0.0729	1	8	2	0.0195	False
PF13565.13	HTH_32	9	3	3.000	0.0729	1	0	1	1	False
PF00126.34	HTH_1	27	17	1.588	0.0868	1	1	0	0.428	False
PF14534.13	DUF4440	10	4	2.500	0.0897	1	0	1	1	False
PF00717.29	Peptidase_S24	10	4	2.500	0.0897	1	0	0	1	False
PF04313.21	HSDR_N	10	4	2.500	0.0897	1	9	4	0.0503	False
PF05973.21	Gp49	7	2	3.500	0.0898	1	0	0	1	False
PF00639.28	Rotamase	7	2	3.500	0.0898	1	3	1	0.213	False
PF03235.20	GmrSD_N	7	2	3.500	0.0898	1	3	2	0.367	False
PF04471.19	Mrr_cat	7	2	3.500	0.0898	1	0	0	1	False
PF02743.26	dCache_1	5	1	5.000	0.109	1	5	1	0.0553	False
PF13359.13	DDE_Tnp_4	5	1	5.000	0.109	1	0	0	1	False
PF13610.13	DDE_Tnp_IS240	5	1	5.000	0.109	1	0	0	1	False
PF13592.13	HTH_33	5	1	5.000	0.109	1	0	0	1	False
PF00166.27	Cpn10	5	1	5.000	0.109	1	0	0	1	False
PF00958.28	GMP_synt_C	8	3	2.667	0.113	1	7	3	0.0784	False
PF18766.8	SWI2_SNF2	12	6	2.000	0.119	1	11	6	0.0574	False
PF00376.30	MerR	12	6	2.000	0.119	1	0	0	1	False
PF25160.2	LdpA_Fe-S-bd	3	0	inf	0.125	1	1	0	0.428	False
PF05013.18	FGase	3	0	inf	0.125	1	0	0	1	False
PF13631.12	Cytochrom_B_N_2	3	0	inf	0.125	1	3	0	0.0784	False
PF27050.1	Phage_P22_Y8K6	3	0	inf	0.125	1	0	0	1	False
PF07007.18	LprI	3	0	inf	0.125	1	0	0	1	False
PF12419.14	DUF3670	3	0	inf	0.125	1	3	0	0.0784	False
PF02413.23	Caudo_TAP	3	0	inf	0.125	1	0	0	1	False
PF09603.16	Fib_succ_major	3	0	inf	0.125	1	1	0	0.428	False
PF02535.29	Zip	3	0	inf	0.125	1	0	0	1	False
PF02423.22	OCD_Mu_crystall	3	0	inf	0.125	1	0	0	1	False
PF06296.19	RelE	3	0	inf	0.125	1	0	0	1	False
PF11146.14	DUF2905	3	0	inf	0.125	1	0	0	1	False
PF11398.15	DUF2813	3	0	inf	0.125	1	3	0	0.0784	False
PF02609.22	Exonuc_VII_S	3	0	inf	0.125	1	0	0	1	False
PF01051.28	Rep3_N	3	0	inf	0.125	1	1	0	0.428	False
PF05979.18	DUF896	3	0	inf	0.125	1	0	0	1	False
PF08378.18	NERD	3	0	inf	0.125	1	0	0	1	False
PF18317.7	SDH_C	3	0	inf	0.125	1	0	0	1	False
PF03432.21	Relaxase	3	0	inf	0.125	1	3	0	0.0784	False
PF06071.20	YchF-GTPase_C	3	0	inf	0.125	1	0	0	1	False
PF02592.21	Vut_1	3	0	inf	0.125	1	0	0	1	False
PF09907.16	HigB_toxin	3	0	inf	0.125	1	0	0	1	False
PF04149.18	DUF397	3	0	inf	0.125	1	0	0	1	False
PF04383.20	KilA-N	3	0	inf	0.125	1	0	0	1	False
PF20172.4	DUF6538	3	0	inf	0.125	1	2	0	0.183	False
PF04686.19	SsgA	3	0	inf	0.125	1	0	0	1	False
PF01582.26	TIR	3	0	inf	0.125	1	1	0	0.428	False
PF04229.21	GrpB	3	0	inf	0.125	1	0	0	1	False
PF00033.25	Cytochrome_B	3	0	inf	0.125	1	3	0	0.0784	False
PF12846.14	AAA_10	3	0	inf	0.125	1	1	0	0.428	False
PF04461.19	YajQ	3	0	inf	0.125	1	0	0	1	False
PF02040.21	ArsB	3	0	inf	0.125	1	3	0	0.0784	False
PF11867.14	T1RH-like_C	3	0	inf	0.125	1	3	0	0.0784	False
PF05043.20	Mga	3	0	inf	0.125	1	1	0	0.428	False
PF20126.5	TumE	3	0	inf	0.125	1	0	0	1	False
PF13156.13	Mrr_cat_2	3	0	inf	0.125	1	0	0	1	False
PF00934.26	PE	3	0	inf	0.125	1	1	0	0.428	False
PF09837.16	DUF2064	3	0	inf	0.125	1	0	0	1	False
PF08706.17	D5_N	3	0	inf	0.125	1	3	0	0.0784	False
PF00032.23	Cytochrom_B_C	3	0	inf	0.125	1	3	0	0.0784	False
PF13011.12	LZ_Tnp_IS481	3	0	inf	0.125	1	1	0	0.428	False
PF03237.22	Terminase_6N	3	0	inf	0.125	1	3	0	0.0784	False
PF03625.21	DUF302	3	0	inf	0.125	1	0	0	1	False
PF17230.8	DUF5304	3	0	inf	0.125	1	0	0	1	False
PF06197.20	DUF998	3	0	inf	0.125	1	0	0	1	False
PF06527.17	TniQ	3	0	inf	0.125	1	0	0	1	False
PF19127.7	Choline_bind_3	3	0	inf	0.125	1	2	0	0.183	False
PF02421.25	FeoB_N	18	11	1.636	0.132	1	12	7	0.0596	False
PF18765.8	Polbeta	9	4	2.250	0.133	1	1	0	0.428	False
PF02311.26	AraC_binding	9	4	2.250	0.133	1	0	1	1	False
PF03951.25	Gln-synt_N	6	2	3.000	0.144	1	6	1	0.0272	False
PF02866.24	Ldh_1_C	6	2	3.000	0.144	1	0	0	1	False
PF30184.1	DUF8612	6	2	3.000	0.144	1	4	1	0.11	False
PF07510.17	GmrSD_C	6	2	3.000	0.144	1	4	2	0.22	False
PF00488.28	MutS_V	6	2	3.000	0.144	1	6	2	0.0693	False
PF04326.20	SLFN_AlbA_2	6	2	3.000	0.144	1	2	1	0.393	False
PF02534.21	T4SS-DNA_transf	6	2	3.000	0.144	1	6	0	0.00612	False
PF13173.13	AAA_14	11	6	1.833	0.166	1	7	2	0.0371	False
PF00176.30	SNF2-rel_dom	7	3	2.333	0.172	1	7	3	0.0784	False
PF13474.13	SnoaL_3	7	3	2.333	0.172	1	0	0	1	False
PF00970.31	FAD_binding_6	4	1	4.000	0.187	1	1	0	0.428	False
PF11185.14	DUF2971	4	1	4.000	0.187	1	1	0	0.428	False
PF01595.26	CNNM	4	1	4.000	0.187	1	2	1	0.393	False
PF08275.18	DNAG_N	4	1	4.000	0.187	1	3	1	0.213	False
PF08388.17	GIIM	4	1	4.000	0.187	1	2	1	0.393	False
PF01026.28	TatD_DNase	4	1	4.000	0.187	1	0	0	1	False
PF00395.26	SLH	4	1	4.000	0.187	1	4	1	0.11	False
PF04381.18	RdgC	4	1	4.000	0.187	1	0	0	1	False
PF15919.12	HicB_lk_antitox	4	1	4.000	0.187	1	0	0	1	False
PF04041.20	Glyco_hydro_130	4	1	4.000	0.187	1	2	0	0.183	False
PF07022.20	Phage_CI_repr	4	1	4.000	0.187	1	0	0	1	False
PF01936.25	NYN	4	1	4.000	0.187	1	0	0	1	False
PF04255.21	DUF433	4	1	4.000	0.187	1	0	0	1	False
PF02541.23	Ppx-GppA	4	1	4.000	0.187	1	3	0	0.0784	False
PF02146.24	SIR2	4	1	4.000	0.187	1	0	0	1	False
PF00258.31	Flavodoxin_1	4	1	4.000	0.187	1	2	0	0.183	False
PF00553.26	CBM_2	4	1	4.000	0.187	1	4	1	0.11	False
PF02607.23	B12-binding_2	4	1	4.000	0.187	1	2	1	0.393	False
PF05534.19	HicB	4	1	4.000	0.187	1	0	0	1	False
PF06470.19	SMC_hinge	4	1	4.000	0.187	1	4	1	0.11	False
PF13635.14	DUF4143	4	1	4.000	0.187	1	4	0	0.0335	False
PF16916.12	ZT_dimer	4	1	4.000	0.187	1	0	0	1	False
PF04519.20	Bactofilin	4	1	4.000	0.187	1	0	0	1	False
PF03099.25	BPL_LplA_LipB	4	1	4.000	0.187	1	0	0	1	False
PF02486.26	Rep_trans	4	1	4.000	0.187	1	0	0	1	False
PF08011.18	PDDEXK_9	4	1	4.000	0.187	1	2	1	0.393	False
PF27441.2	MutS_C	4	1	4.000	0.187	1	4	1	0.11	False
PF01668.24	SmpB	8	4	2.000	0.194	1	0	0	1	False
PF01078.28	Mg_chelatase	9	5	1.800	0.212	1	4	2	0.22	False
PF13306.13	LRR_5	9	5	1.800	0.212	1	6	4	0.217	False
PF00120.30	Gln-synt_C	9	5	1.800	0.212	1	9	4	0.0503	False
PF03466.26	LysR_substrate	24	18	1.333	0.22	1	0	0	1	False
PF00011.28	HSP20	5	2	2.500	0.227	1	0	0	1	False
PF00056.30	Ldh_1_N	5	2	2.500	0.227	1	0	0	1	False
PF04079.23	SMC_ScpB	5	2	2.500	0.227	1	0	0	1	False
PF09424.16	YqeY	5	2	2.500	0.227	1	0	0	1	False
PF01624.26	MutS_I	5	2	2.500	0.227	1	5	2	0.126	False
PF05190.24	MutS_IV	5	2	2.500	0.227	1	5	2	0.126	False
PF00353.26	HemolysinCabind	5	2	2.500	0.227	1	4	2	0.22	False
PF25967.1	RND-MFP_C	5	2	2.500	0.227	1	1	1	0.673	False
PF01807.27	Zn_ribbon_DnaG	5	2	2.500	0.227	1	2	1	0.393	False
PF01610.24	DDE_Tnp_ISL3	5	2	2.500	0.227	1	3	0	0.0784	False
PF11700.15	ATG22	5	2	2.500	0.227	1	4	2	0.22	False
PF05188.24	MutS_II	5	2	2.500	0.227	1	5	2	0.126	False
PF05192.24	MutS_III	5	2	2.500	0.227	1	5	2	0.126	False
PF07589.17	PEP_exosort_dom	5	2	2.500	0.227	1	0	1	1	False
PF00308.25	Bac_DnaA	10	6	1.667	0.227	1	1	4	0.939	False
PF00196.26	GerE	27	21	1.286	0.235	1	2	5	0.875	False
PF20322.4	DUF6617	2	0	inf	0.25	1	0	0	1	False
PF03403.20	PAF-AH_p_II	2	0	inf	0.25	1	1	0	0.428	False
PF14280.12	DUF4365	2	0	inf	0.25	1	0	0	1	False
PF12385.15	Peptidase_C70	2	0	inf	0.25	1	1	0	0.428	False
PF17937.7	TetR_C_28	2	0	inf	0.25	1	0	0	1	False
PF08332.17	CaMKII_AD	2	0	inf	0.25	1	0	0	1	False
PF07739.19	TipAS	2	0	inf	0.25	1	0	0	1	False
PF09656.16	PGPGW	2	0	inf	0.25	1	0	0	1	False
PF00190.29	Cupin_1	2	0	inf	0.25	1	0	0	1	False
PF13932.16	SAM_GIDA_C	2	0	inf	0.25	1	2	0	0.183	False
PF08878.17	HamA	2	0	inf	0.25	1	0	0	1	False
PF06305.17	LapA_dom	2	0	inf	0.25	1	0	0	1	False
PF04355.19	BamE	2	0	inf	0.25	1	0	0	1	False
PF13540.13	RCC1_2	2	0	inf	0.25	1	2	0	0.183	False
PF03629.25	SASA	2	0	inf	0.25	1	2	0	0.183	False
PF01152.28	Bac_globin	2	0	inf	0.25	1	0	0	1	False
PF03428.20	RP-C	2	0	inf	0.25	1	2	0	0.183	False
PF13977.12	TetR_C_6	2	0	inf	0.25	1	0	0	1	False
PF00925.26	GTP_cyclohydro2	2	0	inf	0.25	1	0	0	1	False
PF08491.17	SE	2	0	inf	0.25	1	0	0	1	False
PF07505.18	DUF5131	2	0	inf	0.25	1	0	0	1	False
PF14588.12	YjgF_endoribonc	2	0	inf	0.25	1	0	0	1	False
PF04860.18	Phage_portal	2	0	inf	0.25	1	1	0	0.428	False
PF11617.14	Cu-binding_MopE	2	0	inf	0.25	1	1	0	0.428	False
PF05139.20	Erythro_esteras	2	0	inf	0.25	1	2	0	0.183	False
PF17145.11	DUF5119	2	0	inf	0.25	1	0	0	1	False
PF16268.11	DUF4921	2	0	inf	0.25	1	0	0	1	False
PF03942.21	DTW	2	0	inf	0.25	1	0	0	1	False
PF00245.26	Alk_phosphatase	2	0	inf	0.25	1	2	0	0.183	False
PF00415.25	RCC1	2	0	inf	0.25	1	2	0	0.183	False
PF19077.7	Big_13	2	0	inf	0.25	1	2	0	0.183	False
PF13830.12	DUF4192	2	0	inf	0.25	1	0	0	1	False
PF22148.2	Fervidolysin_NPro-like	2	0	inf	0.25	1	2	0	0.183	False
PF13523.13	Acetyltransf_8	2	0	inf	0.25	1	0	0	1	False
PF10399.15	UCR_Fe-S_N	2	0	inf	0.25	1	0	0	1	False
PF21349.3	RUBY_RBDX	2	0	inf	0.25	1	0	0	1	False
PF14681.13	UPRTase	2	0	inf	0.25	1	0	0	1	False
PF21447.4	Ppx-GppA_III	2	0	inf	0.25	1	2	0	0.183	False
PF18932.6	DUF5681	2	0	inf	0.25	1	0	0	1	False
PF11818.14	DUF3340	2	0	inf	0.25	1	2	0	0.183	False
PF03845.20	Spore_permease	2	0	inf	0.25	1	1	0	0.428	False
PF16924.12	DpaA_N	2	0	inf	0.25	1	0	0	1	False
PF04466.20	Terminase_3	2	0	inf	0.25	1	1	0	0.428	False
PF19408.6	PKD_6	2	0	inf	0.25	1	2	0	0.183	False
PF04546.20	Sigma70_ner	2	0	inf	0.25	1	2	0	0.183	False
PF14696.13	Glyoxalase_5	2	0	inf	0.25	1	2	0	0.183	False
PF04231.20	Endonuclease_1	2	0	inf	0.25	1	1	0	0.428	False
PF13100.12	OstA_2	2	0	inf	0.25	1	2	0	0.183	False
PF03330.25	DPBB_1	2	0	inf	0.25	1	1	0	0.428	False
PF06722.19	EryCIII-like_C	2	0	inf	0.25	1	2	0	0.183	False
PF00269.26	SASP	2	0	inf	0.25	1	0	0	1	False
PF17249.9	DUF5318	2	0	inf	0.25	1	0	0	1	False
PF28130.1	DUF8371	2	0	inf	0.25	1	2	0	0.183	False
PF04131.21	NanE	2	0	inf	0.25	1	0	0	1	False
PF11112.14	PyocinActivator	2	0	inf	0.25	1	0	0	1	False
PF00910.29	RNA_helicase	2	0	inf	0.25	1	0	0	1	False
PF27070.1	HTH_Rpn_C	2	0	inf	0.25	1	0	0	1	False
PF22594.3	GTP-eEF1A_C	2	0	inf	0.25	1	2	0	0.183	False
PF28123.1	DUF8370	2	0	inf	0.25	1	2	0	0.183	False
PF03592.22	Terminase_2	2	0	inf	0.25	1	0	0	1	False
PF07900.18	DUF1670	2	0	inf	0.25	1	0	0	1	False
PF05726.20	Pirin_C	2	0	inf	0.25	1	0	0	1	False
PF26003.1	Integrase_N_phage	2	0	inf	0.25	1	1	0	0.428	False
PF13289.13	SIR2_2	2	0	inf	0.25	1	1	0	0.428	False
PF20188.5	DUF6551	2	0	inf	0.25	1	0	0	1	False
PF14127.12	DUF4294	2	0	inf	0.25	1	0	0	1	False
PF12450.14	vWF_A	2	0	inf	0.25	1	2	0	0.183	False
PF07183.17	DUF1403	2	0	inf	0.25	1	0	0	1	False
PF22324.3	HTH_91	2	0	inf	0.25	1	0	0	1	False
PF10263.16	SprT-like	2	0	inf	0.25	1	0	0	1	False
PF05119.18	Terminase_4	2	0	inf	0.25	1	0	0	1	False
PF19614.5	DUF6119	2	0	inf	0.25	1	1	0	0.428	False
PF04221.19	RelB	2	0	inf	0.25	1	0	0	1	False
PF21680.3	GIDA_C_1st	2	0	inf	0.25	1	2	0	0.183	False
PF20042.5	DUF6444	2	0	inf	0.25	1	0	0	1	False
PF02556.20	SecB	2	0	inf	0.25	1	0	0	1	False
PF16285.11	DUF4931_N	2	0	inf	0.25	1	0	0	1	False
PF00265.25	TK	2	0	inf	0.25	1	0	0	1	False
PF01325.26	Fe_dep_repress	2	0	inf	0.25	1	0	0	1	False
PF02229.23	PC4	2	0	inf	0.25	1	0	0	1	False
PF17342.9	DUF5372	2	0	inf	0.25	1	0	0	1	False
PF06421.18	LepA_C	2	0	inf	0.25	1	2	0	0.183	False
PF20063.6	DUF6462	2	0	inf	0.25	1	0	0	1	False
PF11843.14	DUF3363	2	0	inf	0.25	1	2	0	0.183	False
PF23639.2	DUF7146	2	0	inf	0.25	1	0	0	1	False
PF14089.12	KbaA	2	0	inf	0.25	1	0	0	1	False
PF01717.25	Meth_synt_2	2	0	inf	0.25	1	0	0	1	False
PF17804.7	TSP_NTD	2	0	inf	0.25	1	2	0	0.183	False
PF10137.15	CAP12-PCTIR_TIR	2	0	inf	0.25	1	0	0	1	False
PF05728.19	UPF0227	2	0	inf	0.25	1	0	0	1	False
PF25461.2	Beta-barrel_SelB	2	0	inf	0.25	1	2	0	0.183	False
PF12228.15	DUF3604	2	0	inf	0.25	1	1	0	0.428	False
PF01719.24	Rep_OBD	2	0	inf	0.25	1	0	0	1	False
PF24764.2	rva_4	2	0	inf	0.25	1	0	0	1	False
PF20629.3	GD_AH_C	2	0	inf	0.25	1	0	0	1	False
PF13737.13	DDE_Tnp_1_5	2	0	inf	0.25	1	0	0	1	False
PF22548.3	AEP-TOTE	2	0	inf	0.25	1	1	0	0.428	False
PF09851.15	SHOCT	2	0	inf	0.25	1	0	0	1	False
PF14261.12	DUF4351	2	0	inf	0.25	1	0	0	1	False
PF04754.19	Transposase_31	2	0	inf	0.25	1	0	0	1	False
PF04474.18	DUF554	2	0	inf	0.25	1	0	0	1	False
PF26915.1	Phage_P4_cII	2	0	inf	0.25	1	0	0	1	False
PF19481.4	DUF6017	2	0	inf	0.25	1	0	0	1	False
PF13338.13	AbiEi_4	2	0	inf	0.25	1	0	0	1	False
PF12798.13	Fer4_3	2	0	inf	0.25	1	0	0	1	False
PF06445.21	GyrI-like	2	0	inf	0.25	1	0	0	1	False
PF06134.18	RhaA	2	0	inf	0.25	1	2	0	0.183	False
PF13438.12	DUF4113	2	0	inf	0.25	1	1	0	0.428	False
PF19864.6	Radical_SAM_N2	2	0	inf	0.25	1	2	0	0.183	False
PF11372.15	DUF3173	2	0	inf	0.25	1	0	0	1	False
PF14020.12	DUF4236	2	0	inf	0.25	1	0	0	1	False
PF02664.22	LuxS	2	0	inf	0.25	1	0	0	1	False
PF03457.21	HA	2	0	inf	0.25	1	2	0	0.183	False
PF25209.3	Phage_capsid_4	2	0	inf	0.25	1	2	0	0.183	False
PF17773.8	UPF0176_N	2	0	inf	0.25	1	0	0	1	False
PF22513.3	FitA-like_RHH	2	0	inf	0.25	1	0	0	1	False
PF02591.21	Zn_ribbon_9	2	0	inf	0.25	1	0	0	1	False
PF03852.22	Vsr	2	0	inf	0.25	1	0	0	1	False
PF12557.14	Co_AT_N	2	0	inf	0.25	1	0	0	1	False
PF13872.13	AAA_34	2	0	inf	0.25	1	2	0	0.183	False
PF09357.16	RteC	2	0	inf	0.25	1	0	0	1	False
PF12034.14	YfbK_C	2	0	inf	0.25	1	2	0	0.183	False
PF04362.20	Iron_traffic	2	0	inf	0.25	1	0	0	1	False
PF14311.13	DUF4379	2	0	inf	0.25	1	1	0	0.428	False
PF03968.20	LptD_N	2	0	inf	0.25	1	1	0	0.428	False
PF13845.12	Septum_form	2	0	inf	0.25	1	0	0	1	False
PF21848.2	DUF6907	2	0	inf	0.25	1	0	0	1	False
PF05988.19	DUF899	2	0	inf	0.25	1	0	0	1	False
PF09509.16	Hypoth_Ymh	2	0	inf	0.25	1	0	0	1	False
PF19135.6	DUF5818	2	0	inf	0.25	1	0	0	1	False
PF06719.20	AraC_N	2	0	inf	0.25	1	0	0	1	False
PF22232.3	TraI_hel_assoc_N	2	0	inf	0.25	1	2	0	0.183	False
PF04297.21	UPF0122	2	0	inf	0.25	1	0	0	1	False
PF21861.3	RepB_C	2	0	inf	0.25	1	0	0	1	False
PF08937.17	ThsB_TIR	2	0	inf	0.25	1	0	0	1	False
PF16927.12	HisKA_7TM	2	0	inf	0.25	1	2	0	0.183	False
PF01632.25	Ribosomal_L35p	2	0	inf	0.25	1	0	0	1	False
PF11738.14	DUF3298	2	0	inf	0.25	1	0	0	1	False
PF12773.14	DZR	2	0	inf	0.25	1	0	0	1	False
PF20720.4	nSTAND3	2	0	inf	0.25	1	2	0	0.183	False
PF09957.16	VapB_antitoxin	2	0	inf	0.25	1	0	0	1	False
PF11800.14	RP-C_C	2	0	inf	0.25	1	2	0	0.183	False
PF10145.15	PhageMin_Tail	2	0	inf	0.25	1	2	0	0.183	False
PF00390.25	malic	2	0	inf	0.25	1	2	0	0.183	False
PF12834.14	Phage_int_SAM_2	2	0	inf	0.25	1	0	0	1	False
PF06568.17	YjiS-like	2	0	inf	0.25	1	0	0	1	False
PF02742.22	Fe_dep_repr_C	2	0	inf	0.25	1	0	0	1	False
PF03949.22	Malic_M	2	0	inf	0.25	1	2	0	0.183	False
PF01476.27	LysM	12	8	1.500	0.252	1	5	3	0.22	False
PF02384.23	N6_Mtase	12	8	1.500	0.252	1	9	5	0.0882	False
PF03358.21	FMN_red	6	3	2.000	0.254	1	0	0	1	False
PF00654.26	Voltage_CLC	6	3	2.000	0.254	1	6	3	0.134	False
PF22599.3	SecDF_P1_head	6	3	2.000	0.254	1	6	3	0.134	False
PF13434.13	Lys_Orn_oxgnase	6	3	2.000	0.254	1	4	3	0.346	False
PF01935.24	DUF87	6	3	2.000	0.254	1	4	3	0.346	False
PF04014.24	MazE_antitoxin	7	4	1.750	0.274	1	0	0	1	False
PF00041.28	fn3	7	4	1.750	0.274	1	5	4	0.328	False
PF00436.32	SSB	8	5	1.600	0.29	1	0	0	1	False
PF01844.30	HNH	9	6	1.500	0.304	1	0	0	1	False
PF13192.13	Thioredoxin_3	3	1	3.000	0.312	1	2	0	0.183	False
PF20906.4	S-Me-THD_C	3	1	3.000	0.312	1	0	0	1	False
PF03486.21	HI0933_like	3	1	3.000	0.312	1	2	1	0.393	False
PF14690.12	Zn_ribbon_ISL3	3	1	3.000	0.312	1	2	0	0.183	False
PF13930.13	Endonuclea_NS_2	3	1	3.000	0.312	1	0	1	1	False
PF02586.20	SRAP	3	1	3.000	0.312	1	0	0	1	False
PF21948.2	LplA-B_cat	3	1	3.000	0.312	1	0	0	1	False
PF12008.14	EcoR124_C	3	1	3.000	0.312	1	3	1	0.213	False
PF19112.7	VanA_C	3	1	3.000	0.312	1	0	0	1	False
PF00246.30	Peptidase_M14	3	1	3.000	0.312	1	3	1	0.213	False
PF08423.18	Rad51	3	1	3.000	0.312	1	0	0	1	False
PF01726.23	LexA_DNA_bind	3	1	3.000	0.312	1	0	0	1	False
PF12686.13	DUF3800	3	1	3.000	0.312	1	0	0	1	False
PF22780.2	HI0933_like_1st	3	1	3.000	0.312	1	2	1	0.393	False
PF02633.20	Creatininase	3	1	3.000	0.312	1	0	0	1	False
PF06032.19	S-Me-THD_N	3	1	3.000	0.312	1	0	0	1	False
PF13240.12	Zn_Ribbon_1	3	1	3.000	0.312	1	0	0	1	False
PF08486.16	SpoIID	3	1	3.000	0.312	1	3	1	0.213	False
PF01583.27	APS_kinase	3	1	3.000	0.312	1	2	0	0.183	False
PF09820.17	AAA-ATPase_like	3	1	3.000	0.312	1	2	1	0.393	False
PF21096.3	RecA_C	3	1	3.000	0.312	1	0	0	1	False
PF14338.13	Mrr_N	3	1	3.000	0.312	1	0	0	1	False
PF13686.12	DrsE_2	3	1	3.000	0.312	1	1	0	0.428	False
PF09179.17	TilS	3	1	3.000	0.312	1	1	1	0.673	False
PF00154.28	RecA_N	3	1	3.000	0.312	1	0	0	1	False
PF13576.13	Pentapeptide_3	3	1	3.000	0.312	1	2	0	0.183	False
PF03840.21	SecG	3	1	3.000	0.312	1	0	0	1	False
PF17289.9	Terminase_6C	3	1	3.000	0.312	1	3	1	0.213	False
PF03693.21	ParD_antitoxin	3	1	3.000	0.312	1	0	0	1	False
PF02219.24	MTHFR	3	1	3.000	0.312	1	1	0	0.428	False
PF01473.27	Choline_bind_1	3	1	3.000	0.312	1	2	0	0.183	False
PF01000.32	RNA_pol_A_bac	3	1	3.000	0.312	1	0	0	1	False
PF03739.20	LptF_LptG	3	1	3.000	0.312	1	2	0	0.183	False
PF20094.5	GWxTD_dom	3	1	3.000	0.312	1	3	1	0.213	False
PF07592.18	DDE_Tnp_ISAZ013	3	1	3.000	0.312	1	0	1	1	False
PF07751.17	Abi_2	3	1	3.000	0.312	1	0	0	1	False
PF14833.12	NAD_binding_11	3	1	3.000	0.312	1	0	0	1	False
PF02452.24	PemK_toxin	3	1	3.000	0.312	1	0	0	1	False
PF08719.18	NADAR	3	1	3.000	0.312	1	0	0	1	False
PF19054.7	DUF5753	3	1	3.000	0.312	1	0	0	1	False
PF02604.27	PhdYeFM_antitox	12	9	1.333	0.332	1	0	0	1	False
PF04263.22	TPK_catalytic	4	2	2.000	0.344	1	0	0	1	False
PF01323.27	DSBA	4	2	2.000	0.344	1	1	0	0.428	False
PF02677.21	QueH	4	2	2.000	0.344	1	0	0	1	False
PF02481.22	DNA_processg_A	4	2	2.000	0.344	1	0	0	1	False
PF02801.29	Ketoacyl-synt_C	4	2	2.000	0.344	1	4	2	0.22	False
PF14384.13	BrnA_antitoxin	4	2	2.000	0.344	1	0	0	1	False
PF01432.27	Peptidase_M3	4	2	2.000	0.344	1	4	2	0.22	False
PF30495.1	Chorismate_bind_2	4	2	2.000	0.344	1	4	1	0.11	False
PF03453.23	MoeA_N	4	2	2.000	0.344	1	3	1	0.213	False
PF13624.12	SurA_N_3	4	2	2.000	0.344	1	3	1	0.213	False
PF00800.24	PDT	4	2	2.000	0.344	1	0	0	1	False
PF05036.19	SPOR	4	2	2.000	0.344	1	1	0	0.428	False
PF22924.2	ACOX_C_alpha1	4	2	2.000	0.344	1	2	1	0.393	False
PF03364.26	Polyketide_cyc	4	2	2.000	0.344	1	0	0	1	False
PF14905.13	OMP_b-brl_3	4	2	2.000	0.344	1	4	1	0.11	False
PF13406.12	SLT_2	4	2	2.000	0.344	1	0	0	1	False
PF13612.13	DDE_Tnp_1_3	4	2	2.000	0.344	1	0	0	1	False
PF17768.8	RecJ_OB	4	2	2.000	0.344	1	4	2	0.22	False
PF13238.13	AAA_18	4	2	2.000	0.344	1	0	0	1	False
PF01208.24	URO-D	4	2	2.000	0.344	1	1	0	0.428	False
PF06609.19	TRI12	4	2	2.000	0.344	1	4	2	0.22	False
PF00135.35	COesterase	4	2	2.000	0.344	1	1	1	0.673	False
PF00425.26	Chorismate_bind	4	2	2.000	0.344	1	4	1	0.11	False
PF03485.22	Arg_tRNA_synt_N	4	2	2.000	0.344	1	3	2	0.367	False
PF13673.14	Acetyltransf_10	30	26	1.154	0.344	1	1	0	0.428	False
PF00082.28	Peptidase_S8	16	13	1.231	0.355	1	15	10	0.0626	False
PF13899.13	Thioredoxin_7	5	3	1.667	0.363	1	3	3	0.514	False
PF00493.30	MCM	5	3	1.667	0.363	1	2	0	0.183	False
PF05635.18	23S_rRNA_IVP	5	3	1.667	0.363	1	0	0	1	False
PF19583.6	ODP	5	3	1.667	0.363	1	3	0	0.0784	False
PF00474.24	SSF	5	3	1.667	0.363	1	4	3	0.346	False
PF05593.20	RHS_repeat	5	3	1.667	0.363	1	4	3	0.346	False
PF03992.23	ABM	5	3	1.667	0.363	1	0	0	1	False
PF09250.17	Prim-Pol	5	3	1.667	0.363	1	4	1	0.11	False
PF01799.26	Fer2_2	5	3	1.667	0.363	1	1	0	0.428	False
PF00400.39	WD40	5	3	1.667	0.363	1	3	3	0.514	False
PF21760.4	SecD_1st	5	3	1.667	0.363	1	5	3	0.22	False
PF13577.13	SnoaL_4	5	3	1.667	0.363	1	1	0	0.428	False
PF00482.29	T2SSF	6	4	1.500	0.377	1	2	0	0.183	False
PF01580.25	FtsK_SpoIIIE	6	4	1.500	0.377	1	5	4	0.328	False
PF13420.14	Acetyltransf_4	6	4	1.500	0.377	1	0	1	1	False
PF16697.11	Yop-YscD_cpl	6	4	1.500	0.377	1	3	2	0.367	False
PF03054.23	tRNA_Me_trans	6	4	1.500	0.377	1	5	1	0.0553	False
PF13541.13	ChlI	6	4	1.500	0.377	1	2	3	0.71	False
PF00067.28	p450	7	5	1.400	0.387	1	5	5	0.439	False
PF09335.17	VTT_dom	7	5	1.400	0.387	1	1	0	0.428	False
PF00462.31	Glutaredoxin	7	5	1.400	0.387	1	0	0	1	False
PF01553.27	Acyltransferase	8	6	1.333	0.395	1	1	2	0.813	False
PF02540.24	NAD_synthase	8	6	1.333	0.395	1	8	4	0.0844	False
PF01134.29	GIDA	10	8	1.250	0.407	1	8	6	0.207	False
PF01909.30	NTP_transf_2	11	9	1.222	0.412	1	1	3	0.893	False
PF00027.36	cNMP_binding	14	12	1.167	0.422	1	4	1	0.11	False
PF13508.14	Acetyltransf_7	34	32	1.062	0.451	1	1	0	0.428	False
PF08281.19	Sigma70_r4_2	35	33	1.061	0.452	1	0	3	1	False
PF08282.19	Hydrolase_3	11	10	1.100	0.5	1	1	2	0.813	False
PF00550.32	PP-binding	9	8	1.125	0.5	1	6	3	0.134	False
PF00165.30	HTH_AraC	13	12	1.083	0.5	1	4	4	0.472	False
PF24393.2	Pepco	2	1	2.000	0.5	1	0	0	1	False
PF09369.16	MZB	2	1	2.000	0.5	1	2	0	0.183	False
PF00208.28	ELFV_dehydrog	2	1	2.000	0.5	1	2	0	0.183	False
PF07853.17	DUF1648	2	1	2.000	0.5	1	0	0	1	False
PF07143.19	AttH	2	1	2.000	0.5	1	0	0	1	False
PF00763.29	THF_DHG_CYH	2	1	2.000	0.5	1	0	0	1	False
PF04127.23	DFP	2	1	2.000	0.5	1	1	1	0.673	False
PF09848.16	SLFN-g3_helicase	2	1	2.000	0.5	1	1	1	0.673	False
PF15632.12	ATPgrasp_Ter	2	1	2.000	0.5	1	1	0	0.428	False
PF07685.21	GATase_3	2	1	2.000	0.5	1	2	1	0.393	False
PF26549.1	Tricorn_N	2	1	2.000	0.5	1	2	1	0.393	False
PF03692.21	CxxCxxCC	2	1	2.000	0.5	1	0	0	1	False
PF02502.24	LacAB_rpiB	2	1	2.000	0.5	1	0	0	1	False
PF06808.19	DctM	2	1	2.000	0.5	1	2	1	0.393	False
PF09107.18	WHD_3rd_SelB	2	1	2.000	0.5	1	2	0	0.183	False
PF04228.20	Zn_peptidase	2	1	2.000	0.5	1	0	0	1	False
PF19335.6	HMBD	2	1	2.000	0.5	1	1	1	0.673	False
PF07927.18	HicA_toxin	2	1	2.000	0.5	1	0	0	1	False
PF16655.13	PhoD_N	2	1	2.000	0.5	1	2	1	0.393	False
PF14527.12	LAGLIDADG_WhiA	2	1	2.000	0.5	1	0	0	1	False
PF02673.25	BacA	2	1	2.000	0.5	1	0	0	1	False
PF24481.3	CT398_CC	2	1	2.000	0.5	1	0	0	1	False
PF12727.13	PBP_like	2	1	2.000	0.5	1	0	0	1	False
PF12441.15	CopG_antitoxin	2	1	2.000	0.5	1	0	0	1	False
PF14022.12	DUF4238	2	1	2.000	0.5	1	0	0	1	False
PF01043.27	SecA_PP_bind	2	1	2.000	0.5	1	2	1	0.393	False
PF11614.15	FixG_C	2	1	2.000	0.5	1	2	1	0.393	False
PF14870.13	PSII_BNR	2	1	2.000	0.5	1	0	1	1	False
PF03534.19	SpvB	2	1	2.000	0.5	1	1	1	0.673	False
PF05401.17	NodS	2	1	2.000	0.5	1	0	0	1	False
PF06803.18	DUF1232	2	1	2.000	0.5	1	0	0	1	False
PF04800.18	NDUS4	2	1	2.000	0.5	1	0	0	1	False
PF09346.16	SMI1_KNR4	2	1	2.000	0.5	1	0	0	1	False
PF01120.24	Alpha_L_fucos	2	1	2.000	0.5	1	2	1	0.393	False
PF00830.25	Ribosomal_L28	2	1	2.000	0.5	1	0	0	1	False
PF05099.19	TerB	2	1	2.000	0.5	1	0	0	1	False
PF01016.25	Ribosomal_L27	2	1	2.000	0.5	1	0	0	1	False
PF09997.15	DUF2238	2	1	2.000	0.5	1	0	0	1	False
PF07516.19	SecA_SW	2	1	2.000	0.5	1	2	1	0.393	False
PF05402.19	PqqD	2	1	2.000	0.5	1	1	0	0.428	False
PF13808.12	DDE_Tnp_1_assoc	2	1	2.000	0.5	1	0	0	1	False
PF01724.22	DUF29	2	1	2.000	0.5	1	0	0	1	False
PF18818.8	MPTase-PolyVal	2	1	2.000	0.5	1	0	0	1	False
PF14684.12	Tricorn_C1	2	1	2.000	0.5	1	2	1	0.393	False
PF01914.24	MarC	2	1	2.000	0.5	1	0	0	1	False
PF26769.1	HAMP_PhoQ	2	1	2.000	0.5	1	2	1	0.393	False
PF22422.3	MGH1-like_GH	2	1	2.000	0.5	1	2	1	0.393	False
PF07978.20	NIPSNAP	2	1	2.000	0.5	1	0	0	1	False
PF19570.6	DUF6088	2	1	2.000	0.5	1	0	0	1	False
PF02897.22	Peptidase_S9_N	2	1	2.000	0.5	1	2	1	0.393	False
PF19296.6	RelA_AH	2	1	2.000	0.5	1	2	1	0.393	False
PF09722.16	Xre_MbcA_ParS_C	2	1	2.000	0.5	1	0	0	1	False
PF00746.27	Gram_pos_anchor	2	1	2.000	0.5	1	1	0	0.428	False
PF13814.13	Replic_Relax	2	1	2.000	0.5	1	0	0	1	False
PF02965.23	Met_synt_B12	2	1	2.000	0.5	1	2	1	0.393	False
PF03825.23	Nuc_H_symport	2	1	2.000	0.5	1	2	1	0.393	False
PF01679.23	Pmp3	2	1	2.000	0.5	1	0	0	1	False
PF08548.18	Peptidase_M10_C	2	1	2.000	0.5	1	1	1	0.673	False
PF17678.8	Glyco_hydro_92N	2	1	2.000	0.5	1	2	1	0.393	False
PF21365.4	Glyco_hydro_31_3rd	2	1	2.000	0.5	1	2	1	0.393	False
PF30488.1	DUF8618	2	1	2.000	0.5	1	2	1	0.393	False
PF01161.27	PBP	2	1	2.000	0.5	1	1	0	0.428	False
PF22352.3	K319L-like_PKD	2	1	2.000	0.5	1	2	1	0.393	False
PF01934.23	HepT-like	2	1	2.000	0.5	1	0	0	1	False
PF03412.22	Peptidase_C39	2	1	2.000	0.5	1	1	1	0.673	False
PF13749.13	HATPase_c_4	2	1	2.000	0.5	1	1	1	0.673	False
PF22461.3	SLBB_2	2	1	2.000	0.5	1	0	0	1	False
PF06970.19	RepA_N	2	1	2.000	0.5	1	0	0	1	False
PF25023.2	TEN_YD-shell	2	1	2.000	0.5	1	1	1	0.673	False
PF02580.23	Tyr_Deacylase	2	1	2.000	0.5	1	0	0	1	False
PF02649.20	GCHY-1	2	1	2.000	0.5	1	0	0	1	False
PF17963.8	Big_9	2	1	2.000	0.5	1	2	1	0.393	False
PF00297.29	Ribosomal_L3	2	1	2.000	0.5	1	0	0	1	False
PF20009.5	GEVED	2	1	2.000	0.5	1	2	1	0.393	False
PF26550.2	Tricorn_2nd	2	1	2.000	0.5	1	2	1	0.393	False
PF14685.15	PDZ_Tricorn	2	1	2.000	0.5	1	2	1	0.393	False
PF03096.21	Ndr	2	1	2.000	0.5	1	0	0	1	False
PF08044.17	DUF1707	2	1	2.000	0.5	1	0	0	1	False
PF01087.28	GalP_UDP_transf	2	1	2.000	0.5	1	0	0	1	False
PF21090.4	P-loop_SecA	2	1	2.000	0.5	1	2	1	0.393	False
PF24857.2	THR4_C	2	1	2.000	0.5	1	2	1	0.393	False
PF04087.20	DUF389	2	1	2.000	0.5	1	0	0	1	False
PF13580.12	SIS_2	2	1	2.000	0.5	1	0	0	1	False
PF25212.3	HVO_A0114	2	1	2.000	0.5	1	0	0	1	False
PF00962.29	A_deaminase	2	1	2.000	0.5	1	0	1	1	False
PF02882.26	THF_DHG_CYH_C	2	1	2.000	0.5	1	0	0	1	False
PF22381.3	Staph_reg_Sar_Rot	2	1	2.000	0.5	1	0	0	1	False
PF14821.12	Thr_synth_N	2	1	2.000	0.5	1	2	1	0.393	False
PF04143.20	Sulf_transp	2	1	2.000	0.5	1	0	0	1	False
PF01128.26	IspD	2	1	2.000	0.5	1	0	0	1	False
PF09827.15	CRISPR_Cas2	2	1	2.000	0.5	1	0	0	1	False
PF04307.20	YdjM	2	1	2.000	0.5	1	0	0	1	False
PF13699.12	eCIS_core	2	1	2.000	0.5	1	2	0	0.183	False
PF09720.16	Unstab_antitox	2	1	2.000	0.5	1	0	0	1	False
PF01699.30	Na_Ca_ex	2	1	2.000	0.5	1	1	0	0.428	False
PF02744.23	GalP_UDP_tr_C	2	1	2.000	0.5	1	0	0	1	False
PF02812.24	ELFV_dehydrog_N	2	1	2.000	0.5	1	2	0	0.183	False
PF12708.13	Pect-lyase_RHGA_epim	2	1	2.000	0.5	1	1	1	0.673	False
PF07944.19	Beta-AFase-like_GH127_cat	2	1	2.000	0.5	1	1	1	0.673	False
PF16658.12	RF3_C	2	1	2.000	0.5	1	2	1	0.393	False
PF13584.13	BatD	2	1	2.000	0.5	1	2	1	0.393	False
PF18075.9	FtsX_ECD	2	1	2.000	0.5	1	0	0	1	False
PF02915.24	Rubrerythrin	2	1	2.000	0.5	1	0	0	1	False
PF08477.20	Roc	2	1	2.000	0.5	1	2	1	0.393	False
PF12746.14	GNAT_acetyltran	2	1	2.000	0.5	1	0	0	1	False
PF05656.21	DUF805	2	1	2.000	0.5	1	0	0	1	False
PF10923.15	BrxC_BrxD	2	1	2.000	0.5	1	2	1	0.393	False
PF01074.29	Glyco_hydro_38N	2	1	2.000	0.5	1	2	1	0.393	False
PF07971.19	Glyco_hydro_92	2	1	2.000	0.5	1	2	1	0.393	False
PF01244.29	Peptidase_M19	2	1	2.000	0.5	1	1	0	0.428	False
PF09423.16	PhoD	2	1	2.000	0.5	1	2	1	0.393	False
PF13746.12	Fer4_18	2	1	2.000	0.5	1	2	1	0.393	False
PF02568.21	ThiI	2	1	2.000	0.5	1	1	0	0.428	False
PF03471.23	CorC_HlyC	2	1	2.000	0.5	1	2	1	0.393	False
PF09537.17	DUF2383	2	1	2.000	0.5	1	0	0	1	False
PF09989.16	DUF2229	2	1	2.000	0.5	1	1	1	0.673	False
PF04266.22	ASCH	2	1	2.000	0.5	1	0	0	1	False
PF02638.22	GHL10	2	1	2.000	0.5	1	2	1	0.393	False
PF13386.13	DsbD_2	2	1	2.000	0.5	1	0	0	1	False
PF02650.21	HTH_WhiA	2	1	2.000	0.5	1	0	0	1	False
PF06745.20	ATPase	2	1	2.000	0.5	1	1	0	0.428	False
PF21095.4	CarD_C	2	1	2.000	0.5	1	0	0	1	False
PF04025.19	RemA-like	2	1	2.000	0.5	1	0	0	1	False
PF22016.3	DUF6933	2	1	2.000	0.5	1	0	0	1	False
PF08463.16	EcoEI_R_C	3	2	1.500	0.5	1	3	2	0.367	False
PF03979.20	Sigma70_r1_1	3	2	1.500	0.5	1	3	1	0.213	False
PF02867.21	Ribonuc_red_lgC	3	2	1.500	0.5	1	2	2	0.573	False
PF14815.13	NUDIX_4	3	2	1.500	0.5	1	0	0	1	False
PF04185.20	Phosphoesterase	3	2	1.500	0.5	1	3	1	0.213	False
PF14332.12	PatA_N	3	2	1.500	0.5	1	0	2	1	False
PF10531.16	SLBB	3	2	1.500	0.5	1	1	1	0.673	False
PF08501.17	Shikimate_dh_N	3	2	1.500	0.5	1	0	0	1	False
PF03454.21	MoeA_C	3	2	1.500	0.5	1	3	1	0.213	False
PF00023.37	Ank	3	2	1.500	0.5	1	1	0	0.428	False
PF14200.13	RicinB_lectin_2	3	2	1.500	0.5	1	2	2	0.573	False
PF12799.14	LRR_4	3	2	1.500	0.5	1	1	1	0.673	False
PF00572.25	Ribosomal_L13	3	2	1.500	0.5	1	0	0	1	False
PF01055.33	Glyco_hydro_31_2nd	3	2	1.500	0.5	1	3	2	0.367	False
PF03773.20	ArsP_1	3	2	1.500	0.5	1	1	2	0.813	False
PF03118.22	RNA_pol_A_CTD	3	2	1.500	0.5	1	0	0	1	False
PF22722.3	NA-iREase1	3	2	1.500	0.5	1	0	0	1	False
PF03747.21	ADP_ribosyl_GH	3	2	1.500	0.5	1	0	0	1	False
PF02781.22	G6PD_C	3	2	1.500	0.5	1	3	2	0.367	False
PF02870.22	Methyltransf_1N	3	2	1.500	0.5	1	0	0	1	False
PF13586.13	DDE_Tnp_1_2	3	2	1.500	0.5	1	0	0	1	False
PF07980.18	SusD_RagB	3	2	1.500	0.5	1	3	2	0.367	False
PF00255.26	GSHPx	3	2	1.500	0.5	1	0	0	1	False
PF00468.23	Ribosomal_L34	3	2	1.500	0.5	1	0	0	1	False
PF00479.29	G6PD_N	3	2	1.500	0.5	1	3	2	0.367	False
PF00975.27	Thioesterase	3	2	1.500	0.5	1	2	1	0.393	False
PF13768.13	VWA_3	3	2	1.500	0.5	1	3	1	0.213	False
PF01725.22	Ham1p_like	3	2	1.500	0.5	1	0	0	1	False
PF02378.24	PTS_EIIC	3	2	1.500	0.5	1	2	1	0.393	False
PF03190.22	Thioredox_DsbH	3	2	1.500	0.5	1	2	2	0.573	False
PF01193.30	RNA_pol_L	3	2	1.500	0.5	1	0	0	1	False
PF04392.19	ABC_sub_bind	3	2	1.500	0.5	1	0	0	1	False
PF08401.17	ArdcN	3	2	1.500	0.5	1	0	0	1	False
PF03743.20	TrbI	3	2	1.500	0.5	1	2	1	0.393	False
PF25137.1	ADH_Fe_C	3	2	1.500	0.5	1	0	0	1	False
PF13456.13	RVT_3	3	2	1.500	0.5	1	0	0	1	False
PF01638.24	HxlR	3	2	1.500	0.5	1	0	0	1	False
PF00438.26	S-AdoMet_synt_N	3	2	1.500	0.5	1	1	0	0.428	False
PF02225.28	PA	3	2	1.500	0.5	1	2	2	0.573	False
PF28438.1	RelA_RIS	3	2	1.500	0.5	1	2	2	0.573	False
PF14714.12	KH_dom-like	3	2	1.500	0.5	1	3	2	0.367	False
PF01197.24	Ribosomal_L31	3	2	1.500	0.5	1	0	0	1	False
PF02773.22	S-AdoMet_synt_C	3	2	1.500	0.5	1	1	0	0.428	False
PF02806.25	Alpha-amylase_C	3	2	1.500	0.5	1	3	2	0.367	False
PF00652.29	Ricin_B_lectin	3	2	1.500	0.5	1	2	2	0.573	False
PF02525.23	Flavodoxin_2	3	2	1.500	0.5	1	0	0	1	False
PF01928.27	CYTH	3	2	1.500	0.5	1	0	1	1	False
PF01163.29	RIO1	3	2	1.500	0.5	1	0	2	1	False
PF03853.22	YjeF_N	3	2	1.500	0.5	1	2	2	0.573	False
PF13500.13	AAA_26	3	2	1.500	0.5	1	2	1	0.393	False
PF02772.22	S-AdoMet_synt_M	3	2	1.500	0.5	1	1	0	0.428	False
PF19051.6	GFO_IDH_MocA_C2	4	3	1.333	0.5	1	3	2	0.367	False
PF09479.17	Flg_new	4	3	1.333	0.5	1	4	1	0.11	False
PF01488.27	Shikimate_DH	4	3	1.333	0.5	1	0	0	1	False
PF01075.24	Glyco_transf_9	4	3	1.333	0.5	1	0	0	1	False
PF11799.14	IMS_C	4	3	1.333	0.5	1	3	1	0.213	False
PF05067.19	Mn_catalase	4	3	1.333	0.5	1	0	0	1	False
PF13657.12	Couple_hipA	4	3	1.333	0.5	1	2	2	0.573	False
PF01019.28	G_glu_transpept	4	3	1.333	0.5	1	2	1	0.393	False
PF01839.30	FG-GAP	4	3	1.333	0.5	1	4	3	0.346	False
PF02086.22	MethyltransfD12	4	3	1.333	0.5	1	0	0	1	False
PF04977.21	DivIC	4	3	1.333	0.5	1	0	0	1	False
PF09397.17	FtsK_gamma	4	3	1.333	0.5	1	3	3	0.514	False
PF09278.18	MerR-DNA-bind	4	3	1.333	0.5	1	0	0	1	False
PF07583.17	PSCyt2	4	3	1.333	0.5	1	4	3	0.346	False
PF12801.13	Fer4_5	4	3	1.333	0.5	1	3	1	0.213	False
PF01810.25	LysE	4	3	1.333	0.5	1	0	0	1	False
PF04434.23	SWIM	4	3	1.333	0.5	1	3	2	0.367	False
PF05116.20	S6PP	4	3	1.333	0.5	1	0	1	1	False
PF06480.21	FtsH_ext	4	3	1.333	0.5	1	4	3	0.346	False
PF10150.15	RNase_E_G	4	3	1.333	0.5	1	2	2	0.573	False
PF00175.27	NAD_binding_1	4	3	1.333	0.5	1	1	1	0.673	False
PF00730.32	HhH-GPD	8	7	1.143	0.5	1	0	0	1	False
PF01048.27	PNP_UDP_1	8	7	1.143	0.5	1	0	1	1	False
PF01710.23	HTH_Tnp_IS630	1	0	inf	0.5	1	0	0	1	False
PF05658.20	YadA_head	1	0	inf	0.5	1	1	0	0.428	False
PF12607.14	DUF3772	1	0	inf	0.5	1	1	0	0.428	False
PF25202.2	DUF7834	1	0	inf	0.5	1	0	0	1	False
PF01982.23	CTP-dep_RFKase	1	0	inf	0.5	1	0	0	1	False
PF02749.23	QRPTase_N	1	0	inf	0.5	1	0	0	1	False
PF04422.19	FrhB_FdhB_N	1	0	inf	0.5	1	0	0	1	False
PF19781.5	DUF6266	1	0	inf	0.5	1	0	0	1	False
PF26115.2	PDDEXK_GAPS4	1	0	inf	0.5	1	0	0	1	False
PF00932.26	LTD	1	0	inf	0.5	1	1	0	0.428	False
PF13601.13	HTH_34	1	0	inf	0.5	1	0	0	1	False
PF16123.12	HAGH_C	1	0	inf	0.5	1	0	0	1	False
PF21849.2	DUF6908	1	0	inf	0.5	1	0	0	1	False
PF30766.1	DUF8725	1	0	inf	0.5	1	1	0	0.428	False
PF14281.13	PDDEXK_4	1	0	inf	0.5	1	0	0	1	False
PF27217.1	AF_0155	1	0	inf	0.5	1	0	0	1	False
PF04675.20	DNA_ligase_A_N	1	0	inf	0.5	1	1	0	0.428	False
PF30797.1	DUF499_2nd	1	0	inf	0.5	1	1	0	0.428	False
PF14824.12	Sirohm_synth_M	1	0	inf	0.5	1	0	0	1	False
PF21263.3	Acyl-CoA-dh_C	1	0	inf	0.5	1	1	0	0.428	False
PF00332.25	Glyco_hydro_17	1	0	inf	0.5	1	1	0	0.428	False
PF07875.19	Coat_F	1	0	inf	0.5	1	0	0	1	False
PF30237.1	PolB_pipolin_C	1	0	inf	0.5	1	1	0	0.428	False
PF12599.14	DUF3768	1	0	inf	0.5	1	0	0	1	False
PF25948.1	DUF7986	1	0	inf	0.5	1	1	0	0.428	False
PF18563.7	TubC_N	1	0	inf	0.5	1	0	0	1	False
PF31094.1	DUF8807	1	0	inf	0.5	1	0	0	1	False
PF07369.17	DUF1488	1	0	inf	0.5	1	0	0	1	False
PF30705.1	DUF8696	1	0	inf	0.5	1	1	0	0.428	False
PF13744.13	HTH_37	1	0	inf	0.5	1	0	0	1	False
PF24250.2	HVO_2718	1	0	inf	0.5	1	0	0	1	False
PF19935.5	DUF6398	1	0	inf	0.5	1	0	0	1	False
PF09330.17	Lact-deh-memb	1	0	inf	0.5	1	1	0	0.428	False
PF19851.5	DUF6326	1	0	inf	0.5	1	0	0	1	False
PF04060.19	FeS	1	0	inf	0.5	1	0	0	1	False
PF09492.17	Pec_lyase	1	0	inf	0.5	1	1	0	0.428	False
PF17926.7	TetR_C_21	1	0	inf	0.5	1	0	0	1	False
PF09919.15	DUF2149	1	0	inf	0.5	1	0	0	1	False
PF01996.22	F420_ligase	1	0	inf	0.5	1	0	0	1	False
PF05117.18	DUF695	1	0	inf	0.5	1	0	0	1	False
PF21570.4	ArgZ-like_C_2nd	1	0	inf	0.5	1	1	0	0.428	False
PF03389.22	MobA_MobL	1	0	inf	0.5	1	0	0	1	False
PF06041.18	DUF924	1	0	inf	0.5	1	0	0	1	False
PF22290.2	DmmA-like_N	1	0	inf	0.5	1	0	0	1	False
PF01174.26	SNO	1	0	inf	0.5	1	0	0	1	False
PF14333.12	DUF4389	1	0	inf	0.5	1	1	0	0.428	False
PF03918.20	CcmH	1	0	inf	0.5	1	0	0	1	False
PF26317.1	CntK_N	1	0	inf	0.5	1	0	0	1	False
PF07756.18	DUF1612	1	0	inf	0.5	1	0	0	1	False
PF04634.18	YezG-like	1	0	inf	0.5	1	0	0	1	False
PF09669.16	Phage_pRha	1	0	inf	0.5	1	0	0	1	False
PF24390.2	PRTase-CE	1	0	inf	0.5	1	1	0	0.428	False
PF05144.21	Phage_CRI	1	0	inf	0.5	1	0	0	1	False
PF04008.20	Adenosine_kin	1	0	inf	0.5	1	0	0	1	False
PF10977.14	DUF2797	1	0	inf	0.5	1	0	0	1	False
PF20075.6	DUF6471	1	0	inf	0.5	1	0	0	1	False
PF31134.1	AICE_Reps-like_N	1	0	inf	0.5	1	1	0	0.428	False
PF01391.24	Collagen	1	0	inf	0.5	1	1	0	0.428	False
PF03400.19	DDE_Tnp_IS1	1	0	inf	0.5	1	0	0	1	False
PF20613.5	HipA_2	1	0	inf	0.5	1	0	0	1	False
PF03783.21	CsgG	1	0	inf	0.5	1	1	0	0.428	False
PF27126.1	NmeDI_C	1	0	inf	0.5	1	0	0	1	False
PF20097.5	DUF6487	1	0	inf	0.5	1	0	0	1	False
PF13367.12	PrsW-protease	1	0	inf	0.5	1	0	0	1	False
PF21582.5	CBM30	1	0	inf	0.5	1	1	0	0.428	False
PF14057.12	GGGtGRT	1	0	inf	0.5	1	0	0	1	False
PF12695.14	Abhydrolase_5	1	0	inf	0.5	1	0	0	1	False
PF11303.14	DUF3105	1	0	inf	0.5	1	0	0	1	False
PF03205.21	MobB	1	0	inf	0.5	1	0	0	1	False
PF07504.20	FTP	1	0	inf	0.5	1	1	0	0.428	False
PF08029.17	HisG_C	1	0	inf	0.5	1	0	0	1	False
PF18988.6	DUF5721	1	0	inf	0.5	1	0	0	1	False
PF00963.25	Cohesin	1	0	inf	0.5	1	0	0	1	False
PF15731.12	MqsA_antitoxin	1	0	inf	0.5	1	0	0	1	False
PF18887.6	MBG_3	1	0	inf	0.5	1	1	0	0.428	False
PF12532.14	LmuB_C	1	0	inf	0.5	1	1	0	0.428	False
PF20105.5	DUF6495	1	0	inf	0.5	1	0	0	1	False
PF10119.15	MethyTransf_Reg	1	0	inf	0.5	1	1	0	0.428	False
PF11396.15	PepSY_like	1	0	inf	0.5	1	1	0	0.428	False
PF13018.12	ESPR	1	0	inf	0.5	1	1	0	0.428	False
PF29620.1	pXO2-29_N	1	0	inf	0.5	1	1	0	0.428	False
PF27765.1	UCP032817-like	1	0	inf	0.5	1	0	0	1	False
PF10616.16	DUF2471	1	0	inf	0.5	1	0	0	1	False
PF06068.20	TIP49	1	0	inf	0.5	1	1	0	0.428	False
PF14216.13	DUF4326	1	0	inf	0.5	1	0	0	1	False
PF19749.5	DUF6236	1	0	inf	0.5	1	1	0	0.428	False
PF30651.1	WHD_NACHT_C	1	0	inf	0.5	1	1	0	0.428	False
PF26387.1	DUF6079_5th	1	0	inf	0.5	1	1	0	0.428	False
PF17227.8	DUF5302	1	0	inf	0.5	1	0	0	1	False
PF20647.4	DUF6808	1	0	inf	0.5	1	0	0	1	False
PF20245.4	DUF6600	1	0	inf	0.5	1	1	0	0.428	False
PF20186.4	DUF6549	1	0	inf	0.5	1	0	0	1	False
PF09039.18	HTH_Tnp_Mu_2	1	0	inf	0.5	1	1	0	0.428	False
PF04548.23	AIG1	1	0	inf	0.5	1	1	0	0.428	False
PF10686.15	YAcAr	1	0	inf	0.5	1	0	0	1	False
PF02036.23	SCP2	1	0	inf	0.5	1	0	0	1	False
PF28530.1	DUF8426	1	0	inf	0.5	1	1	0	0.428	False
PF17194.11	AbiEi_3_N	1	0	inf	0.5	1	0	0	1	False
PF14269.13	Arylsulfotran_2	1	0	inf	0.5	1	1	0	0.428	False
PF13668.13	Ferritin_2	1	0	inf	0.5	1	0	0	1	False
PF01867.22	Cas_Cas1	1	0	inf	0.5	1	0	0	1	False
PF06898.17	YqfD	1	0	inf	0.5	1	0	0	1	False
PF05065.20	Phage_capsid	1	0	inf	0.5	1	1	0	0.428	False
PF30336.1	WHD_YfjI_C	1	0	inf	0.5	1	1	0	0.428	False
PF06282.17	DUF1036	1	0	inf	0.5	1	0	0	1	False
PF13660.12	DUF4147	1	0	inf	0.5	1	1	0	0.428	False
PF00059.28	Lectin_C	1	0	inf	0.5	1	0	0	1	False
PF06176.17	WaaY	1	0	inf	0.5	1	0	0	1	False
PF16334.11	DUF4964	1	0	inf	0.5	1	1	0	0.428	False
PF14832.12	Tautomerase_3	1	0	inf	0.5	1	0	0	1	False
PF17482.8	Phage_sheath_1C	1	0	inf	0.5	1	1	0	0.428	False
PF13875.13	DUF4202	1	0	inf	0.5	1	0	0	1	False
PF13529.14	Peptidase_C39_2	1	0	inf	0.5	1	0	0	1	False
PF06187.18	DUF993	1	0	inf	0.5	1	0	0	1	False
PF15516.13	BpuSI_N	1	0	inf	0.5	1	1	0	0.428	False
PF06161.17	DUF975	1	0	inf	0.5	1	0	0	1	False
PF17168.11	DUF5127	1	0	inf	0.5	1	1	0	0.428	False
PF07591.16	PT-HINT	1	0	inf	0.5	1	1	0	0.428	False
PF13664.12	DUF4149	1	0	inf	0.5	1	0	0	1	False
PF28472.1	PSP1_3rd	1	0	inf	0.5	1	0	0	1	False
PF02091.21	tRNA-synt_2e	1	0	inf	0.5	1	0	0	1	False
PF03591.20	AzlC	1	0	inf	0.5	1	0	0	1	False
PF22296.3	bAvd	1	0	inf	0.5	1	0	0	1	False
PF05105.18	Phage_holin_4_1	1	0	inf	0.5	1	0	0	1	False
PF00393.25	6PGD	1	0	inf	0.5	1	0	0	1	False
PF30648.1	GtrB_C	1	0	inf	0.5	1	1	0	0.428	False
PF02245.22	Pur_DNA_glyco	1	0	inf	0.5	1	0	0	1	False
PF04204.23	HTS	1	0	inf	0.5	1	0	0	1	False
PF20148.5	DUF6531	1	0	inf	0.5	1	1	0	0.428	False
PF24391.2	HD-CE	1	0	inf	0.5	1	1	0	0.428	False
PF26921.1	DUF8276	1	0	inf	0.5	1	1	0	0.428	False
PF19089.7	DUF5777	1	0	inf	0.5	1	0	0	1	False
PF02302.23	PTS_IIB	1	0	inf	0.5	1	1	0	0.428	False
PF21571.3	ArgZ-like_C_1st	1	0	inf	0.5	1	1	0	0.428	False
PF20279.5	CTD12	1	0	inf	0.5	1	0	0	1	False
PF11184.14	DUF2969	1	0	inf	0.5	1	0	0	1	False
PF14294.12	DUF4372	1	0	inf	0.5	1	0	0	1	False
PF28589.1	GH172_dom	1	0	inf	0.5	1	1	0	0.428	False
PF00670.28	AdoHcyase_NAD	1	0	inf	0.5	1	1	0	0.428	False
PF13387.13	Lnb_N	1	0	inf	0.5	1	0	0	1	False
PF06319.20	MmcB-like	1	0	inf	0.5	1	0	0	1	False
PF07305.18	DUF1454	1	0	inf	0.5	1	0	0	1	False
PF22604.2	TetR_HI_0893_C	1	0	inf	0.5	1	0	0	1	False
PF11746.15	DUF3303	1	0	inf	0.5	1	0	0	1	False
PF22837.2	M_Eco57I_C	1	0	inf	0.5	1	1	0	0.428	False
PF13548.12	DUF4126	1	0	inf	0.5	1	0	0	1	False
PF26919.1	ABC-like_C	1	0	inf	0.5	1	0	0	1	False
PF16130.11	DUF4842	1	0	inf	0.5	1	1	0	0.428	False
PF18755.7	RAMA	1	0	inf	0.5	1	0	0	1	False
PF14561.13	TPR_20	1	0	inf	0.5	1	0	0	1	False
PF11838.15	ERAP1_C	1	0	inf	0.5	1	1	0	0.428	False
PF11283.14	DUF3084	1	0	inf	0.5	1	0	0	1	False
PF19808.5	DUF6291	1	0	inf	0.5	1	0	0	1	False
PF04339.19	FemAB_like	1	0	inf	0.5	1	0	0	1	False
PF12484.14	PPE-SVP	1	0	inf	0.5	1	0	0	1	False
PF09055.17	Sod_Ni	1	0	inf	0.5	1	0	0	1	False
PF07798.17	CCDC90-like	1	0	inf	0.5	1	0	0	1	False
PF14317.13	YcxB	1	0	inf	0.5	1	0	0	1	False
PF31264.1	Lys-1	1	0	inf	0.5	1	0	0	1	False
PF12984.12	DUF3868	1	0	inf	0.5	1	1	0	0.428	False
PF11892.14	PpnN_C	1	0	inf	0.5	1	1	0	0.428	False
PF14358.12	DUF4405	1	0	inf	0.5	1	0	0	1	False
PF17728.8	BsuBI_PstI_RE_N	1	0	inf	0.5	1	0	0	1	False
PF14454.13	Prok_Ub	1	0	inf	0.5	1	0	0	1	False
PF21778.3	DUF6873	1	0	inf	0.5	1	0	0	1	False
PF16263.11	DUF4917	1	0	inf	0.5	1	0	0	1	False
PF00926.25	DHBP_synthase	1	0	inf	0.5	1	0	0	1	False
PF19730.5	DUF6221	1	0	inf	0.5	1	0	0	1	False
PF20033.6	DUF6438	1	0	inf	0.5	1	0	0	1	False
PF08984.17	DUF1858	1	0	inf	0.5	1	0	0	1	False
PF24696.2	UGSC	1	0	inf	0.5	1	0	0	1	False
PF08667.17	BetR	1	0	inf	0.5	1	0	0	1	False
PF19044.7	P-loop_TraG	1	0	inf	0.5	1	1	0	0.428	False
PF27551.1	XisAC_N	1	0	inf	0.5	1	0	0	1	False
PF09106.18	WHD_2nd_SelB	1	0	inf	0.5	1	1	0	0.428	False
PF07693.21	KAP_NTPase	1	0	inf	0.5	1	1	0	0.428	False
PF01786.25	AOX	1	0	inf	0.5	1	0	0	1	False
PF03006.27	HlyIII	1	0	inf	0.5	1	0	0	1	False
PF27149.1	YdjY	1	0	inf	0.5	1	0	0	1	False
PF28804.1	PIM7	1	0	inf	0.5	1	0	0	1	False
PF06594.18	HCBP_related	1	0	inf	0.5	1	1	0	0.428	False
PF20124.5	DUF6514	1	0	inf	0.5	1	0	0	1	False
PF22137.3	T6SS_Tle1-like_C	1	0	inf	0.5	1	1	0	0.428	False
PF03538.19	VRP1	1	0	inf	0.5	1	1	0	0.428	False
PF17969.7	Ldt_C	1	0	inf	0.5	1	0	0	1	False
PF18798.7	LPD3	1	0	inf	0.5	1	1	0	0.428	False
PF30413.1	Tnp_IS1634_N	1	0	inf	0.5	1	1	0	0.428	False
PF19319.6	DUF5919	1	0	inf	0.5	1	0	0	1	False
PF06945.19	DUF1289	1	0	inf	0.5	1	0	0	1	False
PF18960.6	DUF5702	1	0	inf	0.5	1	1	0	0.428	False
PF17898.7	GerD	1	0	inf	0.5	1	0	0	1	False
PF15542.12	Ntox50	1	0	inf	0.5	1	1	0	0.428	False
PF30348.1	YjjJ_M	1	0	inf	0.5	1	1	0	0.428	False
PF11455.14	MazE-like	1	0	inf	0.5	1	0	0	1	False
PF22495.3	HTH_92	1	0	inf	0.5	1	0	0	1	False
PF01861.23	BpsA_C	1	0	inf	0.5	1	0	0	1	False
PF14323.12	GxGYxYP_C	1	0	inf	0.5	1	1	0	0.428	False
PF16256.11	DUF4911	1	0	inf	0.5	1	0	0	1	False
PF28588.1	GH172_1st	1	0	inf	0.5	1	1	0	0.428	False
PF21150.3	YebU_pre-PUA_dom	1	0	inf	0.5	1	1	0	0.428	False
PF01865.22	PhoU_div	1	0	inf	0.5	1	0	0	1	False
PF12841.13	YvrJ	1	0	inf	0.5	1	0	0	1	False
PF07386.17	DUF1499	1	0	inf	0.5	1	0	0	1	False
PF14801.13	TrmI-like_N	1	0	inf	0.5	1	0	0	1	False
PF30793.1	DUF8743	1	0	inf	0.5	1	1	0	0.428	False
PF08774.18	VRR_NUC	1	0	inf	0.5	1	0	0	1	False
PF13448.12	DUF4114	1	0	inf	0.5	1	1	0	0.428	False
PF21205.4	Rep3_C	1	0	inf	0.5	1	1	0	0.428	False
PF11164.14	DUF2948	1	0	inf	0.5	1	0	0	1	False
PF06674.17	DUF1176	1	0	inf	0.5	1	0	0	1	False
PF13182.12	DUF4007	1	0	inf	0.5	1	0	0	1	False
PF28597.1	T2SSF_N	1	0	inf	0.5	1	1	0	0.428	False
PF07698.18	7TM-7TMR_HD	1	0	inf	0.5	1	1	0	0.428	False
PF07825.18	Exc	1	0	inf	0.5	1	0	0	1	False
PF26887.1	Phage_T4_End_IV	1	0	inf	0.5	1	0	0	1	False
PF06698.17	DUF1192	1	0	inf	0.5	1	0	0	1	False
PF03788.20	LrgA	1	0	inf	0.5	1	0	0	1	False
PF13595.13	DUF4138	1	0	inf	0.5	1	0	0	1	False
PF09547.17	SpoIVA_ATPase	1	0	inf	0.5	1	1	0	0.428	False
PF31210.1	DUF8840	1	0	inf	0.5	1	0	0	1	False
PF21033.6	RMD1-3	1	0	inf	0.5	1	0	0	1	False
PF00536.38	SAM_1	1	0	inf	0.5	1	0	0	1	False
PF02265.23	S1-P1_nuclease	1	0	inf	0.5	1	0	0	1	False
PF04893.23	Yip1	1	0	inf	0.5	1	0	0	1	False
PF14253.12	AbiH	1	0	inf	0.5	1	1	0	0.428	False
PF15659.14	Toxin-JAB1	1	0	inf	0.5	1	0	0	1	False
PF03180.20	Lipoprotein_9	1	0	inf	0.5	1	0	0	1	False
PF22284.2	DUF6961	1	0	inf	0.5	1	0	0	1	False
PF08455.16	SNF2_assoc	1	0	inf	0.5	1	1	0	0.428	False
PF05161.19	MOFRL	1	0	inf	0.5	1	1	0	0.428	False
PF22234.3	Rv2466c-like	1	0	inf	0.5	1	0	0	1	False
PF11208.14	DUF2992	1	0	inf	0.5	1	0	0	1	False
PF25371.2	DUF7884	1	0	inf	0.5	1	1	0	0.428	False
PF03632.22	Glyco_hydro_65m	1	0	inf	0.5	1	1	0	0.428	False
PF26305.1	CD_NTase_C	1	0	inf	0.5	1	0	0	1	False
PF22673.3	MCP-like_PDC_1	1	0	inf	0.5	1	1	0	0.428	False
PF00358.27	PTS_EIIA_1	1	0	inf	0.5	1	1	0	0.428	False
PF07486.18	Hydrolase_2	1	0	inf	0.5	1	0	0	1	False
PF03830.22	PTSIIB_sorb	1	0	inf	0.5	1	0	0	1	False
PF08521.17	2CSK_N	1	0	inf	0.5	1	1	0	0.428	False
PF22357.4	AF1548-like_C	1	0	inf	0.5	1	0	0	1	False
PF12973.14	Cupin_7	1	0	inf	0.5	1	0	0	1	False
PF07237.18	DUF1428	1	0	inf	0.5	1	0	0	1	False
PF24517.3	CBM96	1	0	inf	0.5	1	1	0	0.428	False
PF21926.3	FeeM	1	0	inf	0.5	1	0	0	1	False
PF24251.2	DUF7453	1	0	inf	0.5	1	0	0	1	False
PF10016.15	DUF2259	1	0	inf	0.5	1	0	0	1	False
PF08442.16	ATP-grasp_2	1	0	inf	0.5	1	0	0	1	False
PF08662.18	eIF2A	1	0	inf	0.5	1	0	0	1	False
PF08867.17	FRG	1	0	inf	0.5	1	0	0	1	False
PF08411.16	ExoI_SH3	1	0	inf	0.5	1	1	0	0.428	False
PF17876.8	CSD2	1	0	inf	0.5	1	1	0	0.428	False
PF25198.2	Spore_GerAC_N	1	0	inf	0.5	1	0	0	1	False
PF21543.4	CvfB_2nd	1	0	inf	0.5	1	0	0	1	False
PF18024.8	HTH_50	1	0	inf	0.5	1	1	0	0.428	False
PF07449.18	HyaE	1	0	inf	0.5	1	0	0	1	False
PF21526.3	PGRS	1	0	inf	0.5	1	1	0	0.428	False
PF11972.15	HTH_13	1	0	inf	0.5	1	0	0	1	False
PF17938.7	TetR_C_29	1	0	inf	0.5	1	0	0	1	False
PF20116.5	DUF6506	1	0	inf	0.5	1	0	0	1	False
PF20293.5	MC6	1	0	inf	0.5	1	0	0	1	False
PF02126.26	PTE	1	0	inf	0.5	1	0	0	1	False
PF05504.17	Spore_GerAC	1	0	inf	0.5	1	0	0	1	False
PF24684.2	Vgb_lyase	1	0	inf	0.5	1	1	0	0.428	False
PF14793.12	DUF4478	1	0	inf	0.5	1	1	0	0.428	False
PF19407.6	DUF5979	1	0	inf	0.5	1	1	0	0.428	False
PF06323.18	Phage_antiter_Q	1	0	inf	0.5	1	0	0	1	False
PF04295.19	GD_AH_second	1	0	inf	0.5	1	0	0	1	False
PF04717.19	Phage_base_V	1	0	inf	0.5	1	0	0	1	False
PF14742.12	GDE_N_bis	1	0	inf	0.5	1	1	0	0.428	False
PF01910.23	Thiamine_BP	1	0	inf	0.5	1	0	0	1	False
PF06044.19	DpnI	1	0	inf	0.5	1	0	0	1	False
PF29612.1	pXO2-29_C	1	0	inf	0.5	1	1	0	0.428	False
PF10706.16	Aminoglyc_resit	1	0	inf	0.5	1	0	0	1	False
PF14373.12	Imm_superinfect	1	0	inf	0.5	1	0	0	1	False
PF25988.1	HH_CyaD	1	0	inf	0.5	1	1	0	0.428	False
PF17653.7	DUF5522	1	0	inf	0.5	1	0	0	1	False
PF27306.1	AF_2379	1	0	inf	0.5	1	0	0	1	False
PF16344.11	FecR_C	1	0	inf	0.5	1	0	0	1	False
PF25788.3	Ig_Rha78A_N	1	0	inf	0.5	1	0	0	1	False
PF21275.3	Thi_PPkinase_C	1	0	inf	0.5	1	0	0	1	False
PF24179.2	NTE_Ploop	1	0	inf	0.5	1	1	0	0.428	False
PF16403.12	Bact_surface_Ig-like	1	0	inf	0.5	1	1	0	0.428	False
PF14116.12	YyzF	1	0	inf	0.5	1	0	0	1	False
PF14082.13	SduA_C	1	0	inf	0.5	1	0	0	1	False
PF08853.17	DUF1823	1	0	inf	0.5	1	0	0	1	False
PF18557.7	NepR	1	0	inf	0.5	1	0	0	1	False
PF07843.17	DUF1634	1	0	inf	0.5	1	0	0	1	False
PF01969.23	Ni_insertion	1	0	inf	0.5	1	0	0	1	False
PF04969.23	CS	1	0	inf	0.5	1	0	0	1	False
PF27146.1	Y4jL_N	1	0	inf	0.5	1	0	0	1	False
PF16822.12	ALGX	1	0	inf	0.5	1	0	0	1	False
PF08406.17	CbbQ_C	1	0	inf	0.5	1	0	0	1	False
PF00775.28	Dioxygenase_C	1	0	inf	0.5	1	0	0	1	False
PF12823.13	DUF3817	1	0	inf	0.5	1	0	0	1	False
PF09660.16	DUF2397	1	0	inf	0.5	1	1	0	0.428	False
PF10001.15	DUF2242	1	0	inf	0.5	1	0	0	1	False
PF18090.7	SoPB_HTH	1	0	inf	0.5	1	0	0	1	False
PF15593.13	Imm42	1	0	inf	0.5	1	0	0	1	False
PF09664.17	DUF2399	1	0	inf	0.5	1	1	0	0.428	False
PF10300.16	Iml2-TPR_39	1	0	inf	0.5	1	1	0	0.428	False
PF08837.17	DUF1810	1	0	inf	0.5	1	0	0	1	False
PF16314.12	DUF4954	1	0	inf	0.5	1	1	0	0.428	False
PF09681.17	Phage_rep_org_N	1	0	inf	0.5	1	0	0	1	False
PF07264.18	EI24	1	0	inf	0.5	1	0	0	1	False
PF00054.31	Laminin_G_1	1	0	inf	0.5	1	1	0	0.428	False
PF29191.1	KOW_HD_C	1	0	inf	0.5	1	0	0	1	False
PF20016.7	ThsA_Macro	1	0	inf	0.5	1	0	0	1	False
PF11769.14	DUF3313	1	0	inf	0.5	1	0	0	1	False
PF07697.17	7TMR-HDED	1	0	inf	0.5	1	1	0	0.428	False
PF20737.3	Glyco_hydro127C	1	0	inf	0.5	1	1	0	0.428	False
PF27262.2	y4jL_C	1	0	inf	0.5	1	0	0	1	False
PF16260.12	DUF4914	1	0	inf	0.5	1	0	0	1	False
PF18753.7	Nmad2	1	0	inf	0.5	1	0	0	1	False
PF06342.19	DUF1057	1	0	inf	0.5	1	0	0	1	False
PF08487.17	VIT	1	0	inf	0.5	1	1	0	0.428	False
PF04218.20	CENP-B_N	1	0	inf	0.5	1	0	0	1	False
PF10745.15	DUF2530	1	0	inf	0.5	1	0	0	1	False
PF19420.6	DDAH_eukar	1	0	inf	0.5	1	0	0	1	False
PF14511.13	RE_EcoO109I	1	0	inf	0.5	1	0	0	1	False
PF07769.20	PsiF_repeat	1	0	inf	0.5	1	0	0	1	False
PF04226.19	Transgly_assoc	1	0	inf	0.5	1	0	0	1	False
PF13953.13	PapC_C	1	0	inf	0.5	1	1	0	0.428	False
PF11089.14	SyrA	1	0	inf	0.5	1	0	0	1	False
PF09520.17	HinfI	1	0	inf	0.5	1	0	0	1	False
PF12564.14	TypeIII_RM_meth	1	0	inf	0.5	1	1	0	0.428	False
PF00577.27	Usher	1	0	inf	0.5	1	1	0	0.428	False
PF06707.18	DUF1194	1	0	inf	0.5	1	0	0	1	False
PF20582.5	UPF0758_N	1	0	inf	0.5	1	0	0	1	False
PF09992.15	NAGPA	1	0	inf	0.5	1	0	0	1	False
PF22388.4	DUF6974	1	0	inf	0.5	1	0	0	1	False
PF17288.9	Terminase_3C	1	0	inf	0.5	1	0	0	1	False
PF08734.18	GYD	1	0	inf	0.5	1	0	0	1	False
PF07613.17	DUF1576	1	0	inf	0.5	1	1	0	0.428	False
PF29329.1	Expansin_C_term	1	0	inf	0.5	1	1	0	0.428	False
PF24553.3	Rv0428c_C	1	0	inf	0.5	1	0	0	1	False
PF23988.2	DUF7309	1	0	inf	0.5	1	1	0	0.428	False
PF05576.17	Peptidase_S37	1	0	inf	0.5	1	1	0	0.428	False
PF11873.14	Mltc_N	1	0	inf	0.5	1	0	0	1	False
PF18910.6	DUF5665	1	0	inf	0.5	1	0	0	1	False
PF13858.12	DUF4199	1	0	inf	0.5	1	0	0	1	False
PF27159.1	HI_1054_N	1	0	inf	0.5	1	1	0	0.428	False
PF02474.22	NodA	1	0	inf	0.5	1	0	0	1	False
PF01713.28	Smr	1	0	inf	0.5	1	0	0	1	False
PF16335.11	GtaA_6_Hairpin	1	0	inf	0.5	1	1	0	0.428	False
PF22019.3	GlgB_N	1	0	inf	0.5	1	1	0	0.428	False
PF04650.23	YSIRK_signal	1	0	inf	0.5	1	0	0	1	False
PF10387.15	DUF2442	1	0	inf	0.5	1	0	0	1	False
PF11068.14	YlqD	1	0	inf	0.5	1	0	0	1	False
PF14070.12	YjfB_motility	1	0	inf	0.5	1	0	0	1	False
PF11663.15	Toxin_YhaV	1	0	inf	0.5	1	0	0	1	False
PF07647.25	SAM_2	1	0	inf	0.5	1	0	0	1	False
PF21982.3	RecX_HTH1	1	0	inf	0.5	1	0	0	1	False
PF13617.12	Lipoprotein_19	1	0	inf	0.5	1	0	0	1	False
PF02639.22	DUF188	1	0	inf	0.5	1	0	0	1	False
PF20438.4	SpoIVA_middle	1	0	inf	0.5	1	1	0	0.428	False
PF04186.19	FxsA	1	0	inf	0.5	1	0	0	1	False
PF23733.3	GRXCR1-2_C	1	0	inf	0.5	1	0	0	1	False
PF15889.11	DUF4738	1	0	inf	0.5	1	0	0	1	False
PF18899.6	DUF5655	1	0	inf	0.5	1	0	0	1	False
PF12673.13	SipL	1	0	inf	0.5	1	1	0	0.428	False
PF26207.1	Phage_phiTE_015	1	0	inf	0.5	1	0	0	1	False
PF22746.2	SHOCT-like_DUF2089-C	1	0	inf	0.5	1	1	0	0.428	False
PF12682.13	Flavodoxin_4	1	0	inf	0.5	1	0	0	1	False
PF13009.12	Integrase_2	1	0	inf	0.5	1	1	0	0.428	False
PF03740.21	PdxJ	1	0	inf	0.5	1	0	0	1	False
PF11459.14	AbiEi_3	1	0	inf	0.5	1	0	0	1	False
PF19597.5	TrbL_4	1	0	inf	0.5	1	0	0	1	False
PF20586.4	DUF6788	1	0	inf	0.5	1	0	0	1	False
PF20057.5	DUF6456	1	0	inf	0.5	1	0	0	1	False
PF01447.25	Peptidase_M4	1	0	inf	0.5	1	1	0	0.428	False
PF09925.15	DUF2157	1	0	inf	0.5	1	1	0	0.428	False
PF07866.18	DUF1653	1	0	inf	0.5	1	0	0	1	False
PF24547.2	DUF7601	1	0	inf	0.5	1	1	0	0.428	False
PF30635.1	KimA_C	1	0	inf	0.5	1	1	0	0.428	False
PF14391.13	DUF4421	1	0	inf	0.5	1	0	0	1	False
PF21863.3	HTH_67	1	0	inf	0.5	1	0	0	1	False
PF17425.9	Arylsulfotran_N	1	0	inf	0.5	1	1	0	0.428	False
PF13827.12	DUF4189	1	0	inf	0.5	1	0	0	1	False
PF14552.12	Tautomerase_2	1	0	inf	0.5	1	0	0	1	False
PF22982.4	WHD_HRQ1	1	0	inf	0.5	1	1	0	0.428	False
PF01223.30	Endonuclease_NS	1	0	inf	0.5	1	0	0	1	False
PF20901.4	Sf6_terminase	1	0	inf	0.5	1	0	0	1	False
PF03437.22	BtpA	1	0	inf	0.5	1	0	0	1	False
PF18984.6	DUF5717_N	1	0	inf	0.5	1	1	0	0.428	False
PF03837.20	RecT	1	0	inf	0.5	1	0	0	1	False
PF16961.13	OmpA_like	1	0	inf	0.5	1	0	0	1	False
PF06169.18	DUF982	1	0	inf	0.5	1	0	0	1	False
PF19865.5	DUF6338	1	0	inf	0.5	1	0	0	1	False
PF07679.23	I-set	1	0	inf	0.5	1	1	0	0.428	False
PF26363.2	Phospholipase-like	1	0	inf	0.5	1	0	0	1	False
PF09969.15	DUF2203	1	0	inf	0.5	1	0	0	1	False
PF12401.14	FhaA_N	1	0	inf	0.5	1	0	0	1	False
PF00316.26	FBPase	1	0	inf	0.5	1	0	0	1	False
PF03702.21	AnmK	1	0	inf	0.5	1	0	0	1	False
PF05991.18	NYN_YacP	1	0	inf	0.5	1	0	0	1	False
PF23189.2	UPF0261_C	1	0	inf	0.5	1	1	0	0.428	False
PF11215.14	DUF3010	1	0	inf	0.5	1	0	0	1	False
PF01469.25	Pentapeptide_2	1	0	inf	0.5	1	0	0	1	False
PF02829.21	3H	1	0	inf	0.5	1	0	0	1	False
PF26791.1	AAPxQ	1	0	inf	0.5	1	1	0	0.428	False
PF12445.14	FliC	1	0	inf	0.5	1	1	0	0.428	False
PF14478.13	DUF4430	1	0	inf	0.5	1	0	0	1	False
PF24698.2	DUF7662	1	0	inf	0.5	1	0	0	1	False
PF10920.16	DUF2705	1	0	inf	0.5	1	0	0	1	False
PF01337.25	Barstar	1	0	inf	0.5	1	0	0	1	False
PF21984.3	DnaD_N	1	0	inf	0.5	1	0	0	1	False
PF07501.18	G5	1	0	inf	0.5	1	0	0	1	False
PF27144.1	PA14_33160	1	0	inf	0.5	1	0	0	1	False
PF07295.18	DUF1451	1	0	inf	0.5	1	0	0	1	False
PF22688.3	Hda_lid	1	0	inf	0.5	1	0	0	1	False
PF00545.26	Ribonuclease	1	0	inf	0.5	1	1	0	0.428	False
PF20683.3	DUF6819	1	0	inf	0.5	1	1	0	0.428	False
PF12099.15	DUF3575	1	0	inf	0.5	1	1	0	0.428	False
PF26384.1	DUF6079_3rd	1	0	inf	0.5	1	1	0	0.428	False
PF27170.1	SH3_Rv2311	1	0	inf	0.5	1	0	0	1	False
PF20109.5	Trans_reg_dom	1	0	inf	0.5	1	0	0	1	False
PF06067.17	DUF932	1	0	inf	0.5	1	0	0	1	False
PF27160.1	Y4kK_N	1	0	inf	0.5	1	1	0	0.428	False
PF21645.4	FakA-like_M	1	0	inf	0.5	1	1	0	0.428	False
PF25680.2	Mom	1	0	inf	0.5	1	0	0	1	False
PF10130.16	PIN_2	1	0	inf	0.5	1	0	0	1	False
PF16762.13	RHH_6	1	0	inf	0.5	1	0	0	1	False
PF13298.13	LigD_N	1	0	inf	0.5	1	0	0	1	False
PF25275.2	Golvesin_C	1	0	inf	0.5	1	1	0	0.428	False
PF14059.12	DUF4251	1	0	inf	0.5	1	0	0	1	False
PF25390.2	WD40_RLD	1	0	inf	0.5	1	1	0	0.428	False
PF06792.18	UPF0261	1	0	inf	0.5	1	1	0	0.428	False
PF14067.12	LssY_C	1	0	inf	0.5	1	1	0	0.428	False
PF30767.1	DUF8726	1	0	inf	0.5	1	1	0	0.428	False
PF04703.19	FaeA	1	0	inf	0.5	1	0	0	1	False
PF06236.18	MelC1	1	0	inf	0.5	1	0	0	1	False
PF11175.16	GH172_2nd	1	0	inf	0.5	1	1	0	0.428	False
PF13166.13	AAA_13	1	0	inf	0.5	1	0	0	1	False
PF11954.14	DUF3471	1	0	inf	0.5	1	1	0	0.428	False
PF04984.20	Phage_sheath_1	1	0	inf	0.5	1	1	0	0.428	False
PF11161.14	DUF2944	1	0	inf	0.5	1	0	0	1	False
PF08896.17	DUF1842	1	0	inf	0.5	1	0	0	1	False
PF21716.4	dnstrm_HI1420	1	0	inf	0.5	1	0	0	1	False
PF13648.13	Lipocalin_4	1	0	inf	0.5	1	0	0	1	False
PF26999.1	ABC-2_memb_rel	1	0	inf	0.5	1	0	0	1	False
PF29194.1	Peptidase_M3_N_2	1	0	inf	0.5	1	1	0	0.428	False
PF30653.1	DUF8689	1	0	inf	0.5	1	1	0	0.428	False
PF05133.20	SPP1_portal	1	0	inf	0.5	1	1	0	0.428	False
PF02868.22	Peptidase_M4_C	1	0	inf	0.5	1	1	0	0.428	False
PF06202.21	GDE_C	1	0	inf	0.5	1	1	0	0.428	False
PF31200.1	AS3MT_C	1	0	inf	0.5	1	1	0	0.428	False
PF13759.13	2OG-FeII_Oxy_5	1	0	inf	0.5	1	0	0	1	False
PF24716.2	WapI	1	0	inf	0.5	1	0	0	1	False
PF27000.1	PH_gly_zipper	1	0	inf	0.5	1	0	0	1	False
PF03860.22	Csp	1	0	inf	0.5	1	0	0	1	False
PF13248.12	Zn_ribbon_3	1	0	inf	0.5	1	0	0	1	False
PF10723.16	RepB-RCR_reg	1	0	inf	0.5	1	0	0	1	False
PF26383.1	DUF6079_2nd	1	0	inf	0.5	1	1	0	0.428	False
PF09823.16	DUF2357	1	0	inf	0.5	1	1	0	0.428	False
PF04241.21	DUF423	1	0	inf	0.5	1	0	0	1	False
PF10105.15	DUF2344	1	0	inf	0.5	1	0	0	1	False
PF08882.17	Acetone_carb_G	1	0	inf	0.5	1	1	0	0.428	False
PF03092.23	BT1	1	0	inf	0.5	1	1	0	0.428	False
PF06800.19	Sugar_transport	1	0	inf	0.5	1	0	0	1	False
PF18907.6	DUF5662	1	0	inf	0.5	1	0	0	1	False
PF05857.18	TraX	1	0	inf	0.5	1	0	0	1	False
PF18983.6	DUF5717	1	0	inf	0.5	1	1	0	0.428	False
PF12224.14	Amidoligase_2	1	0	inf	0.5	1	1	0	0.428	False
PF06812.18	ImpA_N	1	0	inf	0.5	1	0	0	1	False
PF09419.17	PGP_phosphatase	1	0	inf	0.5	1	0	0	1	False
PF22763.2	NrS1-1_pol-like_HBD	1	0	inf	0.5	1	1	0	0.428	False
PF19924.6	DUF6387	1	0	inf	0.5	1	0	0	1	False
PF21900.4	DUF6920	1	0	inf	0.5	1	0	0	1	False
PF20106.5	DUF6496	1	0	inf	0.5	1	0	0	1	False
PF18438.8	Glyco_hydro_38	1	0	inf	0.5	1	1	0	0.428	False
PF13811.12	DUF4186	1	0	inf	0.5	1	0	0	1	False
PF03232.20	COQ7	1	0	inf	0.5	1	0	0	1	False
PF21782.4	WHD_PKMT	1	0	inf	0.5	1	1	0	0.428	False
PF14285.12	DUF4367	1	0	inf	0.5	1	0	0	1	False
PF15599.13	Imm63	1	0	inf	0.5	1	0	0	1	False
PF27365.1	HI_1054	1	0	inf	0.5	1	1	0	0.428	False
PF11338.14	DUF3140	1	0	inf	0.5	1	0	0	1	False
PF18555.8	MobL	1	0	inf	0.5	1	1	0	0.428	False
PF10646.15	Germane	1	0	inf	0.5	1	0	0	1	False
PF11798.15	IMS_HHH	1	0	inf	0.5	1	1	0	0.428	False
PF20398.4	DUF6691	1	0	inf	0.5	1	0	0	1	False
PF06610.19	AlaE	1	0	inf	0.5	1	0	0	1	False
PF30422.1	AbpB_N	1	0	inf	0.5	1	1	0	0.428	False
PF29202.1	AAA_chap_N	1	0	inf	0.5	1	1	0	0.428	False
PF28696.1	Gleo_Verruco	1	0	inf	0.5	1	0	0	1	False
PF25021.2	TEN_NHL	1	0	inf	0.5	1	0	0	1	False
PF18913.6	FBPase_C	1	0	inf	0.5	1	0	0	1	False
PF28815.1	DUF8469	1	0	inf	0.5	1	1	0	0.428	False
PF20439.4	SpoIVA_C	1	0	inf	0.5	1	1	0	0.428	False
PF21755.3	DacZ_P	1	0	inf	0.5	1	0	0	1	False
PF22522.3	DUF6998	1	0	inf	0.5	1	0	0	1	False
PF21214.5	WHD_2nd_SelB_bact	1	0	inf	0.5	1	1	0	0.428	False
PF01095.26	Pectinesterase	1	0	inf	0.5	1	1	0	0.428	False
PF19553.5	DUF6076	1	0	inf	0.5	1	1	0	0.428	False
PF07275.17	ArdA	1	0	inf	0.5	1	0	0	1	False
PF02734.23	Dak2	1	0	inf	0.5	1	1	0	0.428	False
PF04832.18	SOUL	1	0	inf	0.5	1	0	0	1	False
PF18616.7	CdiI_3	1	0	inf	0.5	1	0	0	1	False
PF27792.1	CHIM_prot	1	0	inf	0.5	1	1	0	0.428	False
PF14352.12	DUF4402	1	0	inf	0.5	1	0	0	1	False
PF05148.22	Methyltransf_8	1	0	inf	0.5	1	0	0	1	False
PF02010.22	REJ	1	0	inf	0.5	1	1	0	0.428	False
PF00961.25	LAGLIDADG_1	1	0	inf	0.5	1	0	0	1	False
PF23678.2	YqhI	1	0	inf	0.5	1	0	0	1	False
PF05869.17	Dam	1	0	inf	0.5	1	0	0	1	False
PF27199.1	YonV_C	1	0	inf	0.5	1	0	0	1	False
PF10011.16	DUF2254	1	0	inf	0.5	1	1	0	0.428	False
PF06052.19	3-HAO	1	0	inf	0.5	1	0	0	1	False
PF03682.19	UPF0158	1	0	inf	0.5	1	0	0	1	False
PF14085.12	DUF4265	1	0	inf	0.5	1	0	0	1	False
PF03633.21	Glyco_hydro_65C	1	0	inf	0.5	1	1	0	0.428	False
PF05840.20	Phage_GPA	1	0	inf	0.5	1	0	0	1	False
PF03008.21	DUF234	1	0	inf	0.5	1	1	0	0.428	False
PF00720.23	SSI	1	0	inf	0.5	1	0	0	1	False
PF09723.16	Zn_ribbon_8	1	0	inf	0.5	1	0	0	1	False
PF17185.11	NlpE_C	1	0	inf	0.5	1	0	0	1	False
PF23946.2	DUF7280	1	0	inf	0.5	1	0	0	1	False
PF27210.1	Y4kK_2nd	1	0	inf	0.5	1	1	0	0.428	False
PF14018.12	DUF4234	1	0	inf	0.5	1	0	0	1	False
PF03771.22	SPDY	1	0	inf	0.5	1	0	0	1	False
PF00719.25	Pyrophosphatase	1	0	inf	0.5	1	0	0	1	False
PF22008.3	BpuSI_TRD	1	0	inf	0.5	1	1	0	0.428	False
PF30655.1	DUF8691	1	0	inf	0.5	1	0	0	1	False
PF21781.3	DUF6876	1	0	inf	0.5	1	0	0	1	False
PF04455.18	Saccharop_dh_N	1	0	inf	0.5	1	1	0	0.428	False
PF00549.25	Ligase_CoA	1	0	inf	0.5	1	0	0	1	False
PF13076.12	Fur_reg_FbpA	1	0	inf	0.5	1	0	0	1	False
PF18780.7	HNH_repeat	1	0	inf	0.5	1	0	0	1	False
PF20140.5	DUF6530	1	0	inf	0.5	1	0	0	1	False
PF13747.12	DUF4164	1	0	inf	0.5	1	0	0	1	False
PF21986.2	AH_C	1	0	inf	0.5	1	1	0	0.428	False
PF01633.27	Choline_kinase	1	0	inf	0.5	1	0	0	1	False
PF21844.2	DUF6903	1	0	inf	0.5	1	0	0	1	False
PF02823.23	ATP-synt_DE_N	1	0	inf	0.5	1	0	0	1	False
PF10547.15	P22_AR_N	1	0	inf	0.5	1	0	0	1	False
PF08007.19	JmjC_2	1	0	inf	0.5	1	0	0	1	False
PF07224.18	Chlorophyllase	1	0	inf	0.5	1	0	0	1	False
PF12687.13	DUF3801	1	0	inf	0.5	1	0	0	1	False
PF22723.3	NA-iREase2	1	0	inf	0.5	1	0	0	1	False
PF31117.1	DUF8815	1	0	inf	0.5	1	1	0	0.428	False
PF05947.18	T6SS_TssF	1	0	inf	0.5	1	1	0	0.428	False
PF04340.19	DUF484	1	0	inf	0.5	1	0	0	1	False
PF17868.8	AAA_lid_8	1	0	inf	0.5	1	1	0	0.428	False
PF08280.18	HTH_Mga	1	0	inf	0.5	1	1	0	0.428	False
PF19474.5	DUF6011	1	0	inf	0.5	1	0	0	1	False
PF12997.13	DUF3881	1	0	inf	0.5	1	0	0	1	False
PF03196.19	DUF261	1	0	inf	0.5	1	0	0	1	False
PF11453.14	DUF2950	1	0	inf	0.5	1	0	0	1	False
PF06877.17	RraB	1	0	inf	0.5	1	0	0	1	False
PF11361.14	DUF3159	1	0	inf	0.5	1	0	0	1	False
PF03924.20	CHASE	1	0	inf	0.5	1	1	0	0.428	False
PF09286.17	Pro-kuma_activ	1	0	inf	0.5	1	1	0	0.428	False
PF12482.15	DUF3701	1	0	inf	0.5	1	0	0	1	False
PF04245.19	NA37	1	0	inf	0.5	1	0	0	1	False
PF14445.13	Prok-RING_2	1	0	inf	0.5	1	0	0	1	False
PF09375.16	Peptidase_M75	1	0	inf	0.5	1	1	0	0.428	False
PF04970.20	LRAT	1	0	inf	0.5	1	0	0	1	False
PF17900.7	Peptidase_M1_N	1	0	inf	0.5	1	1	0	0.428	False
PF25893.1	HH_CzcB	1	0	inf	0.5	1	0	0	1	False
PF10262.16	Rdx	1	0	inf	0.5	1	0	0	1	False
PF20460.5	DUF6713	1	0	inf	0.5	1	0	0	1	False
PF08348.19	PAS_6	1	0	inf	0.5	1	0	0	1	False
PF13609.13	Porin_4	1	0	inf	0.5	1	0	0	1	False
PF14428.13	SCP1201-like	1	0	inf	0.5	1	0	0	1	False
PF20250.4	FapA_N	1	0	inf	0.5	1	0	0	1	False
PF26385.1	DUF6079_4th	1	0	inf	0.5	1	1	0	0.428	False
PF19780.6	DUF6265	1	0	inf	0.5	1	0	0	1	False
PF12681.14	Glyoxalase_2	1	0	inf	0.5	1	0	0	1	False
PF03626.20	COX4_pro	1	0	inf	0.5	1	0	0	1	False
PF10067.15	DUF2306	1	0	inf	0.5	1	0	0	1	False
PF18958.7	DUF5700	1	0	inf	0.5	1	0	0	1	False
PF05768.21	Glrx-like	1	0	inf	0.5	1	0	0	1	False
PF14720.12	NiFe_hyd_SSU_C	1	0	inf	0.5	1	0	0	1	False
PF21211.4	FkbH_N	1	0	inf	0.5	1	0	0	1	False
PF11848.14	DUF3368	1	0	inf	0.5	1	0	0	1	False
PF14385.12	DUF4416	1	0	inf	0.5	1	0	0	1	False
PF04299.19	FMN_bind_2	1	0	inf	0.5	1	0	0	1	False
PF26826.1	Phage_gp51	1	0	inf	0.5	1	0	0	1	False
PF05221.24	AdoHcyase	1	0	inf	0.5	1	1	0	0.428	False
PF08681.19	TacA1	1	0	inf	0.5	1	0	0	1	False
PF01856.24	HP_OMP	1	0	inf	0.5	1	0	0	1	False
PF30706.1	NIDO_rel	1	0	inf	0.5	1	1	0	0.428	False
PF30409.1	HTH_ParB_Mtase	1	0	inf	0.5	1	1	0	0.428	False
PF05981.18	CreA	1	0	inf	0.5	1	0	0	1	False
PF13574.13	Reprolysin_2	1	0	inf	0.5	1	1	0	0.428	False
PF02626.21	CT_A_B	1	0	inf	0.5	1	0	0	1	False
PF14526.12	Cass2	1	0	inf	0.5	1	0	0	1	False
PF29664.1	BtgE-BtgC_glyc-hydro	1	0	inf	0.5	1	1	0	0.428	False
PF01643.24	Acyl-ACP_TE	1	0	inf	0.5	1	0	0	1	False
PF16747.11	Adhesin_E	1	0	inf	0.5	1	0	0	1	False
PF02666.21	PS_Dcarbxylase	1	0	inf	0.5	1	0	0	1	False
PF02156.22	Glyco_hydro_26	1	0	inf	0.5	1	1	0	0.428	False
PF17116.12	T9SS_plug_1st	1	0	inf	0.5	1	1	0	0.428	False
PF13475.12	DUF4116	1	0	inf	0.5	1	0	0	1	False
PF09572.18	RE_XamI	1	0	inf	0.5	1	0	0	1	False
PF14657.14	Arm-DNA-bind_4	1	0	inf	0.5	1	1	0	0.428	False
PF08849.18	BrxA	1	0	inf	0.5	1	0	0	1	False
PF14902.13	DUF4494	1	0	inf	0.5	1	0	0	1	False
PF24644.2	DUF7638	1	0	inf	0.5	1	0	0	1	False
PF05284.18	DUF736	1	0	inf	0.5	1	0	0	1	False
PF11777.15	DUF3316	1	0	inf	0.5	1	0	0	1	False
PF29126.1	CG45076_Coiled-coil	1	0	inf	0.5	1	0	0	1	False
PF16640.12	Big_3_5	1	0	inf	0.5	1	1	0	0.428	False
PF08765.18	Mor	1	0	inf	0.5	1	0	0	1	False
PF19631.5	Trypco2	1	0	inf	0.5	1	0	0	1	False
PF20185.4	DUF6548	1	0	inf	0.5	1	0	0	1	False
PF08780.17	NTase_sub_bind	1	0	inf	0.5	1	0	0	1	False
PF04250.20	DUF429	1	0	inf	0.5	1	0	0	1	False
PF03241.19	HpaB	1	0	inf	0.5	1	1	0	0.428	False
PF01253.28	SUI1	1	0	inf	0.5	1	0	0	1	False
PF11939.14	NiFe-hyd_HybE	1	0	inf	0.5	1	0	0	1	False
PF11253.14	DUF3052	1	0	inf	0.5	1	0	0	1	False
PF01924.22	HypD	1	0	inf	0.5	1	0	0	1	False
PF04555.20	XhoI	1	0	inf	0.5	1	0	0	1	False
PF21785.4	Bflower_2	1	0	inf	0.5	1	0	0	1	False
PF19652.5	DUF6155	1	0	inf	0.5	1	0	0	1	False
PF11796.14	DUF3323	1	0	inf	0.5	1	1	0	0.428	False
PF07920.17	DUF1684	1	0	inf	0.5	1	0	0	1	False
PF20556.4	DUF6768	1	0	inf	0.5	1	0	0	1	False
PF15603.13	Imm74	1	0	inf	0.5	1	0	0	1	False
PF14078.12	DUF4259	1	0	inf	0.5	1	0	0	1	False
PF12320.14	SbcD_C	1	0	inf	0.5	1	0	0	1	False
PF01396.25	Zn_ribbon_Top1	1	0	inf	0.5	1	0	0	1	False
PF21804.4	Transposase_29	1	0	inf	0.5	1	1	0	0.428	False
PF14268.12	YoaP	1	0	inf	0.5	1	0	0	1	False
PF07755.18	DUF1611	1	0	inf	0.5	1	0	0	1	False
PF02407.23	Viral_Rep	1	0	inf	0.5	1	0	0	1	False
PF04237.19	YjbR	1	0	inf	0.5	1	0	0	1	False
PF04349.19	MdoG	1	0	inf	0.5	1	1	0	0.428	False
PF10056.15	DUF2293	1	0	inf	0.5	1	0	0	1	False
PF29605.1	BrfA	1	0	inf	0.5	1	0	0	1	False
PF03829.20	PTSIIA_gutA	1	0	inf	0.5	1	0	0	1	False
PF20605.5	Antitox_RHH	1	0	inf	0.5	1	0	0	1	False
PF09626.16	DHC	1	0	inf	0.5	1	0	0	1	False
PF13794.13	Ferritin_fold-like	1	0	inf	0.5	1	0	0	1	False
PF28559.1	TPR_SusR	1	0	inf	0.5	1	1	0	0.428	False
PF12103.16	Lipl32	1	0	inf	0.5	1	0	0	1	False
PF14903.12	WG_beta_rep	1	0	inf	0.5	1	0	0	1	False
PF06037.18	DUF922	1	0	inf	0.5	1	0	0	1	False
PF21001.3	YqiJ_N	1	0	inf	0.5	1	0	0	1	False
PF08704.17	GCD14	1	0	inf	0.5	1	0	0	1	False
PF07235.17	DUF1427	1	0	inf	0.5	1	0	0	1	False
PF10298.15	WhiA_N	1	0	inf	0.5	1	0	0	1	False
PF13252.13	Phage_capsid_3	1	0	inf	0.5	1	1	0	0.428	False
PF28596.1	Caudo_TAP_N	1	0	inf	0.5	1	0	0	1	False
PF08946.16	Osmo_CC	1	0	inf	0.5	1	1	0	0.428	False
PF01361.27	Tautomerase	1	0	inf	0.5	1	0	0	1	False
PF03636.23	Glyco_hydro_65N	1	0	inf	0.5	1	1	0	0.428	False
PF03090.25	Replicase	1	0	inf	0.5	1	0	0	1	False
PF00856.34	SET	1	0	inf	0.5	1	0	0	1	False
PF17837.7	4PPT_N	1	0	inf	0.5	1	0	0	1	False
PF06983.20	3-dmu-9_3-mt	1	0	inf	0.5	1	0	0	1	False
PF04411.19	PDDEXK_7	1	0	inf	0.5	1	1	0	0.428	False
PF06490.18	FleQ	1	0	inf	0.5	1	1	0	0.428	False
PF20376.5	DUF6671	1	0	inf	0.5	1	0	0	1	False
PF19511.5	TrbL_5	1	0	inf	0.5	1	0	0	1	False
PF26059.1	DUF8020	1	0	inf	0.5	1	0	0	1	False
PF19812.5	DUF6295	1	0	inf	0.5	1	0	0	1	False
PF06056.19	Terminase_5	1	0	inf	0.5	1	0	0	1	False
PF17125.11	Methyltr_RsmF_N	1	0	inf	0.5	1	1	0	0.428	False
PF14065.12	Pvc16_N	1	0	inf	0.5	1	0	0	1	False
PF24645.2	DUF7639	1	0	inf	0.5	1	0	0	1	False
PF04468.18	PSP1	1	0	inf	0.5	1	0	0	1	False
PF13757.13	VIT_2	1	0	inf	0.5	1	1	0	0.428	False
PF03777.19	ChpA-C	1	0	inf	0.5	1	0	0	1	False
PF28960.1	DUF8485	1	0	inf	0.5	1	1	0	0.428	False
PF12963.13	DUF3852	1	0	inf	0.5	1	0	0	1	False
PF02281.22	Dimer_Tnp_Tn5	1	0	inf	0.5	1	0	0	1	False
PF20600.4	ExoX-like_C	1	0	inf	0.5	1	0	0	1	False
PF07015.18	VirC1	1	0	inf	0.5	1	0	0	1	False
PF11320.14	DUF3122	1	0	inf	0.5	1	0	0	1	False
PF05219.18	DREV	1	0	inf	0.5	1	0	0	1	False
PF03332.20	PMM	1	0	inf	0.5	1	0	0	1	False
PF02210.32	Laminin_G_2	1	0	inf	0.5	1	1	0	0.428	False
PF03690.19	MYG1_exonuc	1	0	inf	0.5	1	0	0	1	False
PF08707.17	PriCT_2	1	0	inf	0.5	1	1	0	0.428	False
PF04167.19	DUF402	1	0	inf	0.5	1	0	0	1	False
PF08439.16	Peptidase_M3_N	1	0	inf	0.5	1	1	0	0.428	False
PF20514.5	WHD_ROXA	1	0	inf	0.5	1	0	0	1	False
PF04432.19	FrhB_FdhB_C	1	0	inf	0.5	1	0	0	1	False
PF05231.20	MASE1	1	0	inf	0.5	1	1	0	0.428	False
PF09922.16	LiaF-like_C	1	0	inf	0.5	1	0	0	1	False
PF05443.18	ROS_MUCR	1	0	inf	0.5	1	0	0	1	False
PF23348.2	RDM3_C	1	0	inf	0.5	1	1	0	0.428	False
PF07290.18	YqiJ_OB	1	0	inf	0.5	1	0	0	1	False
PF12368.14	Rhodanese_C	1	0	inf	0.5	1	0	0	1	False
PF30411.1	Irc3_C	1	0	inf	0.5	1	1	0	0.428	False
PF10593.15	Z1	1	0	inf	0.5	1	1	0	0.428	False
PF02557.23	VanY	1	0	inf	0.5	1	1	0	0.428	False
PF07976.20	Phe_hydrox_dim	1	0	inf	0.5	1	1	0	0.428	False
PF27102.1	NodI_C	1	0	inf	0.5	1	0	0	1	False
PF02686.21	GatC	1	0	inf	0.5	1	0	0	1	False
PF04480.19	DUF559	1	0	inf	0.5	1	0	0	1	False
PF07878.18	RHH_5	1	0	inf	0.5	1	0	0	1	False
PF10463.16	Peptidase_U49	1	0	inf	0.5	1	0	0	1	False
PF20698.4	PIN-TPR-GreABC	1	0	inf	0.5	1	1	0	0.428	False
PF02011.22	Glyco_hydro_48	1	0	inf	0.5	1	1	0	0.428	False
PF08845.16	SymE_toxin	1	0	inf	0.5	1	0	0	1	False
PF17964.8	Big_10	1	0	inf	0.5	1	1	0	0.428	False
PF15569.13	Imm40	1	0	inf	0.5	1	0	0	1	False
PF08980.17	DUF1883	1	0	inf	0.5	1	0	0	1	False
PF03594.20	BenE	1	0	inf	0.5	1	1	0	0.428	False
PF13946.12	DUF4214	1	0	inf	0.5	1	1	0	0.428	False
PF05399.17	EVI2A	1	0	inf	0.5	1	0	0	1	False
PF22560.3	GMT-wHTH	1	0	inf	0.5	1	1	0	0.428	False
PF13557.13	Phenol_MetA_deg	1	0	inf	0.5	1	0	0	1	False
PF05860.20	TPS	1	0	inf	0.5	1	0	0	1	False
PF09828.15	ChrB_C	1	0	inf	0.5	1	0	0	1	False
PF24623.3	Phage_zn_bind_8	1	0	inf	0.5	1	0	0	1	False
PF13309.13	HTH_22	1	0	inf	0.5	1	0	0	1	False
PF03869.21	Arc	1	0	inf	0.5	1	0	0	1	False
PF11893.14	DUF3413	1	0	inf	0.5	1	1	0	0.428	False
PF09903.15	DUF2130	1	0	inf	0.5	1	1	0	0.428	False
PF12555.14	SteA-like_C	1	0	inf	0.5	1	0	0	1	False
PF19478.5	TrbL_2	1	0	inf	0.5	1	0	0	1	False
PF12221.14	HflK_N	1	0	inf	0.5	1	0	0	1	False
PF16980.12	CitMHS_2	1	0	inf	0.5	1	1	0	0.428	False
PF18742.8	DpnII-MboI	1	0	inf	0.5	1	0	0	1	False
PF09986.16	DUF2225	1	0	inf	0.5	1	1	0	0.428	False
PF14230.12	DUF4333	1	0	inf	0.5	1	0	0	1	False
PF28144.1	RsaX20	1	0	inf	0.5	1	0	0	1	False
PF18135.8	Type_ISP_C	1	0	inf	0.5	1	0	0	1	False
PF07515.18	TraI_2_C	1	0	inf	0.5	1	0	0	1	False
PF22557.3	DuOB	1	0	inf	0.5	1	0	0	1	False
PF05066.20	HARE-HTH	1	0	inf	0.5	1	0	0	1	False
PF05572.20	Peptidase_M43	1	0	inf	0.5	1	1	0	0.428	False
PF11726.16	YagK_YfjJ_C	1	0	inf	0.5	1	0	0	1	False
PF10023.16	Aminopep	1	0	inf	0.5	1	0	0	1	False
PF06961.19	DUF1294	1	0	inf	0.5	1	0	0	1	False
PF14015.12	DUF4231	1	0	inf	0.5	1	0	0	1	False
PF01670.24	Glyco_hydro_12	1	0	inf	0.5	1	1	0	0.428	False
PF05962.18	HutD	1	0	inf	0.5	1	0	0	1	False
PF10097.15	DUF2335	1	0	inf	0.5	1	0	0	1	False
PF00201.25	UDPGT	1	0	inf	0.5	1	1	0	0.428	False
PF06971.20	Put_DNA-bind_N	1	0	inf	0.5	1	0	0	1	False
PF22823.3	MrpR_C_cat	1	0	inf	0.5	1	1	0	0.428	False
PF13871.13	Helicase_C_4	1	0	inf	0.5	1	1	0	0.428	False
PF10551.16	MULE	1	0	inf	0.5	1	1	0	0.428	False
PF04134.18	DCC1-like	1	0	inf	0.5	1	0	0	1	False
PF21834.2	DUF6894	1	0	inf	0.5	1	0	0	1	False
PF20229.4	ChrB_N	1	0	inf	0.5	1	0	0	1	False
PF02462.21	Opacity	1	0	inf	0.5	1	0	0	1	False
PF06411.17	HdeA	1	0	inf	0.5	1	0	0	1	False
PF02224.25	Cytidylate_kin	1	0	inf	0.5	1	0	0	1	False
PF17295.8	DUF5348	1	0	inf	0.5	1	0	0	1	False
PF13636.14	Methyltranf_PUA	1	0	inf	0.5	1	1	0	0.428	False
PF04991.21	LicD	1	0	inf	0.5	1	1	0	0.428	False
PF04020.19	Phage_holin_4_2	1	0	inf	0.5	1	1	0	0.428	False
PF13599.14	Pentapeptide_4	1	0	inf	0.5	1	0	0	1	False
PF28805.1	PT7	1	0	inf	0.5	1	0	0	1	False
PF17778.8	WHD_BLACT	1	0	inf	0.5	1	0	0	1	False
PF04280.22	Tim44	1	0	inf	0.5	1	0	0	1	False
PF09137.18	Glucodextran_N	1	0	inf	0.5	1	1	0	0.428	False
PF13031.13	DUF3892	1	0	inf	0.5	1	0	0	1	False
PF06616.18	BsuBI_PstI_RE	1	0	inf	0.5	1	0	0	1	False
PF30764.1	DUF8724	1	0	inf	0.5	1	1	0	0.428	False
PF21508.3	MenC_N	1	0	inf	0.5	1	0	0	1	False
PF19602.5	DUF6107	1	0	inf	0.5	1	0	0	1	False
PF29649.1	HI_1054_C	1	0	inf	0.5	1	1	0	0.428	False
PF13927.13	Ig_3	1	0	inf	0.5	1	1	0	0.428	False
PF22007.3	DUF6930	1	0	inf	0.5	1	1	0	0.428	False
PF26016.1	ExoI_C	1	0	inf	0.5	1	1	0	0.428	False
PF30170.1	T1RK_2nd	1	0	inf	0.5	1	1	0	0.428	False
PF24883.3	NPHP3_N	1	0	inf	0.5	1	0	0	1	False
PF29656.1	ML2630	1	0	inf	0.5	1	0	0	1	False
PF10734.15	DUF2523	1	0	inf	0.5	1	0	0	1	False
PF11794.14	HpaB_N	1	0	inf	0.5	1	1	0	0.428	False
PF01389.24	OmpA_membrane	1	0	inf	0.5	1	0	0	1	False
PF00773.26	RNB	1	0	inf	0.5	1	1	0	0.428	False
PF27538.1	NosR	1	0	inf	0.5	1	1	0	0.428	False
PF16331.11	TolA_bind_tri	1	0	inf	0.5	1	0	0	1	False
PF18914.7	DUF5666	1	0	inf	0.5	1	0	0	1	False
PF26607.1	Beta-prop_PLL	1	0	inf	0.5	1	1	0	0.428	False
PF27155.1	Y4rL_C	1	0	inf	0.5	1	1	0	0.428	False
PF18928.6	DUF5677	1	0	inf	0.5	1	0	0	1	False
PF09982.16	LpxR	1	0	inf	0.5	1	0	0	1	False
PF30647.1	CoxE_N	1	0	inf	0.5	1	1	0	0.428	False
PF03401.19	TctC	5	4	1.250	0.5	1	0	0	1	False
PF00075.31	RNase_H	5	4	1.250	0.5	1	0	0	1	False
PF00365.26	PFK	5	4	1.250	0.5	1	2	1	0.393	False
PF03796.22	DnaB_C	5	4	1.250	0.5	1	3	4	0.64	False
PF02739.23	5_3_exonuc_N	5	4	1.250	0.5	1	4	4	0.472	False
PF03435.25	Sacchrp_dh_NADP	5	4	1.250	0.5	1	2	1	0.393	False
PF02683.23	DsbD_TM	5	4	1.250	0.5	1	2	2	0.573	False
PF13589.13	HATPase_c_3	5	4	1.250	0.5	1	4	4	0.472	False
PF01702.26	TGT	5	4	1.250	0.5	1	0	1	1	False
PF00749.28	tRNA-synt_1c	5	4	1.250	0.5	1	4	4	0.472	False
PF01367.26	5_3_exonuc	5	4	1.250	0.5	1	4	4	0.472	False
PF08327.18	AHSA1	5	4	1.250	0.5	1	0	0	1	False
PF13534.12	Fer4_17	5	4	1.250	0.5	1	3	0	0.0784	False
PF13177.13	DNA_pol3_delta2	5	4	1.250	0.5	1	2	3	0.71	False
PF13231.13	PMT_2	7	6	1.167	0.5	1	6	5	0.312	False
PF13401.13	AAA_22	12	11	1.091	0.5	1	3	7	0.874	False
PF02374.22	ArsA_ATPase	12	11	1.091	0.5	1	4	1	0.11	False
PF12831.14	FAD_oxidored	12	11	1.091	0.5	1	9	10	0.428	False
PF01207.24	Dus	6	5	1.200	0.5	1	0	0	1	False
PF04397.22	LytTR	6	5	1.200	0.5	1	0	0	1	False
PF13662.13	Toprim_4	6	5	1.200	0.5	1	4	1	0.11	False
PF01614.25	IclR_C	6	5	1.200	0.5	1	0	0	1	False
PF01451.28	LMWPc	6	5	1.200	0.5	1	0	0	1	False
PF03446.22	NAD_binding_2	10	9	1.111	0.5	1	1	1	0.673	False
PF08445.17	FR47	14	14	1.000	0.575	1	0	0	1	False
PF13424.13	TPR_12	14	14	1.000	0.575	1	9	10	0.428	False
PF13738.13	Pyr_redox_3	12	12	1.000	0.581	1	7	7	0.388	False
PF00248.28	Aldo_ket_red	10	10	1.000	0.588	1	0	0	1	False
PF04539.23	Sigma70_r3	8	8	1.000	0.598	1	4	3	0.346	False
PF00498.32	FHA	8	8	1.000	0.598	1	3	3	0.514	False
PF01872.23	RibD_C	7	7	1.000	0.605	1	0	0	1	False
PF13545.13	HTH_Crp_2	7	7	1.000	0.605	1	0	0	1	False
PF03781.24	FGE-sulfatase	7	7	1.000	0.605	1	4	4	0.472	False
PF13354.13	Beta-lactamase2	7	7	1.000	0.605	1	0	2	1	False
PF06564.19	CBP_BcsQ	7	7	1.000	0.605	1	1	2	0.813	False
PF00324.28	AA_permease	6	6	1.000	0.613	1	6	6	0.411	False
PF00128.32	Alpha-amylase	6	6	1.000	0.613	1	6	6	0.411	False
PF01042.27	Ribonuc_L-PSP	5	5	1.000	0.623	1	0	0	1	False
PF03734.20	YkuD	5	5	1.000	0.623	1	1	2	0.813	False
PF01869.27	BcrAD_BadFG	5	5	1.000	0.623	1	0	1	1	False
PF25183.2	OMP_b-brl_4	5	5	1.000	0.623	1	4	5	0.587	False
PF13537.12	GATase_7	5	5	1.000	0.623	1	5	4	0.328	False
PF13522.13	GATase_6	5	5	1.000	0.623	1	5	4	0.328	False
PF25954.1	Beta-barrel_RND_2	5	5	1.000	0.623	1	2	4	0.808	False
PF08386.17	Abhydrolase_4	5	5	1.000	0.623	1	3	1	0.213	False
PF13462.13	Thioredoxin_4	5	5	1.000	0.623	1	1	0	0.428	False
PF25973.1	BSH_CzcB	5	5	1.000	0.623	1	2	3	0.71	False
PF01035.27	DNA_binding_1	5	5	1.000	0.623	1	0	1	1	False
PF02142.28	MGS	4	4	1.000	0.637	1	3	4	0.64	False
PF02441.26	Flavoprotein	4	4	1.000	0.637	1	1	1	0.673	False
PF01545.27	Cation_efflux	4	4	1.000	0.637	1	0	1	1	False
PF10672.16	Methyltrans_SAM	4	4	1.000	0.637	1	0	2	1	False
PF14279.13	HNH_5	4	4	1.000	0.637	1	0	0	1	False
PF01063.25	Aminotran_4	4	4	1.000	0.637	1	0	0	1	False
PF01791.16	DeoC	4	4	1.000	0.637	1	0	0	1	False
PF00476.27	DNA_pol_A	4	4	1.000	0.637	1	4	4	0.472	False
PF07587.17	PSD1	4	4	1.000	0.637	1	3	3	0.514	False
PF18911.7	PKD_4	4	4	1.000	0.637	1	4	4	0.472	False
PF00149.34	Metallophos	15	16	0.938	0.64	1	3	7	0.874	False
PF04545.23	Sigma70_r4	30	32	0.938	0.648	1	4	5	0.587	False
PF12840.14	HTH_20	13	14	0.929	0.65	1	0	0	1	False
PF09339.17	HTH_IclR	13	14	0.929	0.65	1	1	0	0.428	False
PF00081.28	Sod_Fe_N	3	3	1.000	0.656	1	0	0	1	False
PF07885.23	Ion_trans_2	3	3	1.000	0.656	1	1	0	0.428	False
PF02922.25	CBM_48	3	3	1.000	0.656	1	3	2	0.367	False
PF02635.21	DsrE	3	3	1.000	0.656	1	1	0	0.428	False
PF02768.21	DNA_pol3_beta_3	3	3	1.000	0.656	1	0	0	1	False
PF05713.18	MobC	3	3	1.000	0.656	1	0	0	1	False
PF01625.29	PMSR	3	3	1.000	0.656	1	0	0	1	False
PF18998.7	Flg_new_2	3	3	1.000	0.656	1	3	2	0.367	False
PF00857.27	Isochorismatase	3	3	1.000	0.656	1	0	0	1	False
PF02767.22	DNA_pol3_beta_2	3	3	1.000	0.656	1	0	0	1	False
PF00312.28	Ribosomal_S15	3	3	1.000	0.656	1	0	0	1	False
PF00712.25	DNA_pol3_beta	3	3	1.000	0.656	1	0	0	1	False
PF13685.13	Fe-ADH_2	3	3	1.000	0.656	1	0	1	1	False
PF13650.12	Asp_protease_2	3	3	1.000	0.656	1	0	0	1	False
PF00750.26	tRNA-synt_1d	3	3	1.000	0.656	1	3	3	0.514	False
PF13291.13	ACT_4	3	3	1.000	0.656	1	2	2	0.573	False
PF02698.24	DUF218	3	3	1.000	0.656	1	0	0	1	False
PF07568.19	HisKA_2	3	3	1.000	0.656	1	3	3	0.514	False
PF11104.15	PilM_2	3	3	1.000	0.656	1	1	3	0.893	False
PF04101.23	Glyco_tran_28_C	3	3	1.000	0.656	1	0	0	1	False
PF01256.23	Carb_kinase	3	3	1.000	0.656	1	2	2	0.573	False
PF25596.2	CPSase_L_D1	3	3	1.000	0.656	1	2	2	0.573	False
PF13307.13	Helicase_C_2	3	3	1.000	0.656	1	2	2	0.573	False
PF19269.5	Anticodon_2	3	3	1.000	0.656	1	3	3	0.514	False
PF07536.21	HWE_HK	3	3	1.000	0.656	1	3	3	0.514	False
PF14310.13	Fn3-like	3	3	1.000	0.656	1	3	3	0.514	False
PF17384.9	RimP_C	3	3	1.000	0.656	1	0	0	1	False
PF00891.25	Methyltransf_2	3	3	1.000	0.656	1	0	0	1	False
PF00805.29	Pentapeptide	3	3	1.000	0.656	1	0	1	1	False
PF01938.27	TRAM	3	3	1.000	0.656	1	3	2	0.367	False
PF00682.26	HMGL-like	3	3	1.000	0.656	1	2	1	0.393	False
PF17854.7	FtsK_alpha	3	3	1.000	0.656	1	3	3	0.514	False
PF00145.24	DNA_methylase	3	3	1.000	0.656	1	1	2	0.813	False
PF13975.12	gag-asp_proteas	3	3	1.000	0.656	1	0	0	1	False
PF02403.28	Seryl_tRNA_N	3	3	1.000	0.656	1	3	3	0.514	False
PF02537.22	CRCB	3	3	1.000	0.656	1	0	0	1	False
PF00743.26	FMO-like	3	3	1.000	0.656	1	3	3	0.514	False
PF01011.29	PQQ	3	3	1.000	0.656	1	3	2	0.367	False
PF23569.2	NBD_SMAX1	3	3	1.000	0.656	1	3	3	0.514	False
PF00465.26	Fe-ADH	3	3	1.000	0.656	1	0	0	1	False
PF01380.28	SIS	11	12	0.917	0.661	1	2	3	0.71	False
PF13476.13	AAA_23	11	12	0.917	0.661	1	11	8	0.136	False
PF03807.24	F420_oxidored	11	12	0.917	0.661	1	1	0	0.428	False
PF13374.13	TPR_10	11	12	0.917	0.661	1	8	11	0.611	False
PF12146.16	Hydrolase_4	25	27	0.926	0.661	1	3	1	0.213	False
PF12833.14	HTH_18	21	23	0.913	0.674	1	5	5	0.439	False
PF18962.8	Por_Secre_tail	21	23	0.913	0.674	1	15	17	0.384	False
PF01066.27	CDP-OH_P_transf	9	10	0.900	0.676	1	0	0	1	False
PF09140.18	MipZ	9	10	0.900	0.676	1	2	3	0.71	False
PF02463.26	SMC_N	8	9	0.889	0.686	1	7	5	0.212	False
PF03144.32	GTP_EFTU_D2	8	9	0.889	0.686	1	8	8	0.367	False
PF20833.3	RNase_E_G_Thio	2	2	1.000	0.688	1	1	2	0.813	False
PF02018.24	CBM_4_9	2	2	1.000	0.688	1	2	2	0.573	False
PF00325.27	Crp	2	2	1.000	0.688	1	0	0	1	False
PF02616.20	SMC_ScpA	2	2	1.000	0.688	1	0	0	1	False
PF05359.17	DUF748	2	2	1.000	0.688	1	2	2	0.573	False
PF12796.14	Ank_2	2	2	1.000	0.688	1	1	0	0.428	False
PF13623.12	SurA_N_2	2	2	1.000	0.688	1	2	1	0.393	False
PF00221.25	Lyase_aromatic	2	2	1.000	0.688	1	2	2	0.573	False
PF03814.22	KdpA	2	2	1.000	0.688	1	2	2	0.573	False
PF05048.20	NosD	2	2	1.000	0.688	1	1	2	0.813	False
PF12730.14	ABC2_membrane_4	2	2	1.000	0.688	1	0	0	1	False
PF00764.26	Arginosuc_synth	2	2	1.000	0.688	1	1	2	0.813	False
PF28476.1	GlgP_C	2	2	1.000	0.688	1	2	2	0.573	False
PF00342.25	PGI	2	2	1.000	0.688	1	2	2	0.573	False
PF13397.13	RbpA	2	2	1.000	0.688	1	0	0	1	False
PF25944.1	Beta-barrel_RND	2	2	1.000	0.688	1	0	1	1	False
PF04277.19	OAD_gamma	2	2	1.000	0.688	1	0	0	1	False
PF06415.19	iPGM_N	2	2	1.000	0.688	1	2	2	0.573	False
PF11236.14	DUF3037	2	2	1.000	0.688	1	0	0	1	False
PF03965.23	Penicillinase_R	2	2	1.000	0.688	1	0	0	1	False
PF21247.4	Fic-like_C	2	2	1.000	0.688	1	0	1	1	False
PF04773.19	FecR	2	2	1.000	0.688	1	0	1	1	False
PF21082.3	MS_channel_3rd	2	2	1.000	0.688	1	1	0	0.428	False
PF00359.28	PTS_EIIA_2	2	2	1.000	0.688	1	0	0	1	False
PF12860.14	PAS_7	2	2	1.000	0.688	1	2	2	0.573	False
PF07517.21	SecA_DEAD	2	2	1.000	0.688	1	2	2	0.573	False
PF02545.20	Maf	2	2	1.000	0.688	1	0	0	1	False
PF00471.27	Ribosomal_L33	2	2	1.000	0.688	1	0	0	1	False
PF03841.20	SelA	2	2	1.000	0.688	1	2	2	0.573	False
PF13628.14	DUF4142	2	2	1.000	0.688	1	0	0	1	False
PF12169.14	DNA_pol3_gamma3	2	2	1.000	0.688	1	2	2	0.573	False
PF06968.19	BATS	2	2	1.000	0.688	1	0	0	1	False
PF01985.27	CRS1_YhbY	2	2	1.000	0.688	1	0	0	1	False
PF02542.22	YgbB	2	2	1.000	0.688	1	0	0	1	False
PF13335.13	Mg_chelatase_C	2	2	1.000	0.688	1	1	1	0.673	False
PF06559.17	DCD_N	2	2	1.000	0.688	1	0	0	1	False
PF02415.24	Chlam_PMP	2	2	1.000	0.688	1	2	2	0.573	False
PF17390.8	Bac_rhamnosid_C	2	2	1.000	0.688	1	1	2	0.813	False
PF00668.26	Condensation	2	2	1.000	0.688	1	2	2	0.573	False
PF01443.25	Viral_helicase1	2	2	1.000	0.688	1	1	2	0.813	False
PF01746.27	tRNA_m1G_MT	2	2	1.000	0.688	1	0	0	1	False
PF02569.22	Pantoate_ligase	2	2	1.000	0.688	1	0	0	1	False
PF02366.25	PMT	2	2	1.000	0.688	1	2	1	0.393	False
PF02538.20	Hydantoinase_B	2	2	1.000	0.688	1	2	2	0.573	False
PF13606.13	Ank_3	2	2	1.000	0.688	1	0	0	1	False
PF02678.23	Pirin	2	2	1.000	0.688	1	0	0	1	False
PF02410.23	RsfS	2	2	1.000	0.688	1	0	0	1	False
PF02787.27	CPSase_L_D3	2	2	1.000	0.688	1	2	2	0.573	False
PF02563.22	Poly_export	2	2	1.000	0.688	1	0	1	1	False
PF05690.21	ThiG	2	2	1.000	0.688	1	0	0	1	False
PF28550.1	DUF8436	2	2	1.000	0.688	1	1	2	0.813	False
PF00919.27	UPF0004	2	2	1.000	0.688	1	2	2	0.573	False
PF07332.17	Phage_holin_3_6	2	2	1.000	0.688	1	0	0	1	False
PF21597.3	TetR_C_43	2	2	1.000	0.688	1	0	0	1	False
PF03703.22	bPH_2	2	2	1.000	0.688	1	0	0	1	False
PF01230.30	HIT	2	2	1.000	0.688	1	0	0	1	False
PF01923.24	Cob_adeno_trans	2	2	1.000	0.688	1	0	0	1	False
PF19838.6	LptD_2	2	2	1.000	0.688	1	2	2	0.573	False
PF14849.13	YidC_periplas	2	2	1.000	0.688	1	2	2	0.573	False
PF02660.22	G3P_acyltransf	2	2	1.000	0.688	1	0	0	1	False
PF06969.23	HemN_C	2	2	1.000	0.688	1	2	1	0.393	False
PF02133.22	Transp_cyt_pur	2	2	1.000	0.688	1	2	2	0.573	False
PF27713.1	UCP018868	2	2	1.000	0.688	1	1	2	0.813	False
PF03960.22	ArsC	2	2	1.000	0.688	1	0	0	1	False
PF10518.15	TAT_signal	2	2	1.000	0.688	1	0	0	1	False
PF08808.18	RES	2	2	1.000	0.688	1	0	0	1	False
PF07943.19	PBP5_C	2	2	1.000	0.688	1	0	1	1	False
PF02163.29	Peptidase_M50	2	2	1.000	0.688	1	0	1	1	False
PF04265.20	TPK_B1_binding	2	2	1.000	0.688	1	0	0	1	False
PF00232.25	Glyco_hydro_1	2	2	1.000	0.688	1	2	0	0.183	False
PF22608.3	DNAX_ATPase_lid	2	2	1.000	0.688	1	2	2	0.573	False
PF14322.13	SusD-like_3	2	2	1.000	0.688	1	2	1	0.393	False
PF00301.26	Rubredoxin	2	2	1.000	0.688	1	1	0	0.428	False
PF07497.19	Rho_RNA_bind	2	2	1.000	0.688	1	2	2	0.573	False
PF12390.14	Se-cys_synth_N	2	2	1.000	0.688	1	2	2	0.573	False
PF13568.13	OMP_b-brl_2	2	2	1.000	0.688	1	1	1	0.673	False
PF01436.28	NHL	2	2	1.000	0.688	1	0	0	1	False
PF13588.13	HSDR_N_2	2	2	1.000	0.688	1	1	2	0.813	False
PF20772.3	TACO1_YebC_N	2	2	1.000	0.688	1	0	0	1	False
PF20979.3	Arginosuc_syn_C	2	2	1.000	0.688	1	1	2	0.813	False
PF02583.23	Trns_repr_metal	2	2	1.000	0.688	1	0	0	1	False
PF13407.13	Peripla_BP_4	16	18	0.889	0.696	1	1	0	0.428	False
PF00122.26	E1-E2_ATPase	7	8	0.875	0.696	1	7	8	0.478	False
PF02782.23	FGGY_C	7	8	0.875	0.696	1	7	8	0.478	False
PF07638.18	Sigma70_ECF	7	8	0.875	0.696	1	0	1	1	False
PF00408.27	PGM_PMM_IV	7	8	0.875	0.696	1	7	8	0.478	False
PF13302.14	Acetyltransf_3	14	16	0.875	0.708	1	0	1	1	False
PF25917.1	BSH_RND	6	7	0.857	0.71	1	3	4	0.64	False
PF13520.13	AA_permease_2	6	7	0.857	0.71	1	6	6	0.411	False
PF03600.23	CitMHS	6	7	0.857	0.71	1	5	7	0.639	False
PF03449.21	GreA_GreB_N	6	7	0.857	0.71	1	0	0	1	False
PF01272.26	GreA_GreB	6	7	0.857	0.71	1	0	0	1	False
PF03167.26	UDG	6	7	0.857	0.71	1	0	0	1	False
PF12698.14	ABC2_membrane_3	6	7	0.857	0.71	1	2	3	0.71	False
PF01926.30	MMR_HSR1	24	27	0.889	0.712	1	17	17	0.248	False
PF01676.24	Metalloenzyme	5	6	0.833	0.726	1	4	3	0.346	False
PF00389.37	2-Hacid_dh	5	6	0.833	0.726	1	0	2	1	False
PF01458.24	SUFBD_core	5	6	0.833	0.726	1	4	6	0.686	False
PF03572.24	Peptidase_S41	5	6	0.833	0.726	1	5	5	0.439	False
PF17863.8	AAA_lid_2	5	6	0.833	0.726	1	1	0	0.428	False
PF03721.22	UDPG_MGDP_dh_N	5	6	0.833	0.726	1	3	6	0.818	False
PF05368.20	NmrA	11	13	0.846	0.729	1	0	3	1	False
PF01494.26	FAD_binding_3	11	13	0.846	0.729	1	5	10	0.842	False
PF13517.13	FG-GAP_3	10	12	0.833	0.738	1	7	10	0.644	False
PF00144.30	Beta-lactamase	17	20	0.850	0.745	1	8	8	0.367	False
PF01841.26	Transglut_core	4	5	0.800	0.746	1	1	2	0.813	False
PF02517.22	Rce1-like	4	5	0.800	0.746	1	0	1	1	False
PF01520.24	Amidase_3	4	5	0.800	0.746	1	1	1	0.673	False
PF07721.21	TPR_4	4	5	0.800	0.746	1	1	4	0.939	False
PF02913.25	FAD-oxidase_C	4	5	0.800	0.746	1	4	5	0.587	False
PF01694.29	Rhomboid	4	5	0.800	0.746	1	0	1	1	False
PF04607.24	RelA_SpoT	4	5	0.800	0.746	1	3	2	0.367	False
PF13365.13	Trypsin_2	4	5	0.800	0.746	1	2	2	0.573	False
PF20030.6	bpMoxR	4	5	0.800	0.746	1	1	0	0.428	False
PF01569.28	PAP2	4	5	0.800	0.746	1	0	0	1	False
PF00012.27	HSP70	4	5	0.800	0.746	1	3	2	0.367	False
PF07726.18	AAA_3	4	5	0.800	0.746	1	0	0	1	False
PF13527.14	Acetyltransf_9	4	5	0.800	0.746	1	0	1	1	False
PF02353.27	CMAS	4	5	0.800	0.746	1	1	2	0.813	False
PF05746.22	DALR_1	4	5	0.800	0.746	1	3	5	0.741	False
PF12679.14	ABC2_membrane_2	4	5	0.800	0.746	1	2	2	0.573	False
PF02826.26	2-Hacid_dh_C	9	11	0.818	0.748	1	1	2	0.813	False
PF07883.18	Cupin_2	9	11	0.818	0.748	1	0	4	1	False
PF02021.24	UPF0102	1	1	1.000	0.75	1	0	0	1	False
PF02447.23	GntP_permease	1	1	1.000	0.75	1	1	1	0.673	False
PF01312.25	Bac_export_2	1	1	1.000	0.75	1	0	0	1	False
PF08206.18	OB_RNB	1	1	1.000	0.75	1	0	0	1	False
PF00381.25	PTS-HPr	1	1	1.000	0.75	1	0	0	1	False
PF01206.23	TusA	1	1	1.000	0.75	1	1	0	0.428	False
PF05729.19	NACHT	1	1	1.000	0.75	1	1	1	0.673	False
PF03102.21	NeuB	1	1	1.000	0.75	1	0	1	1	False
PF08148.18	DSHCT	1	1	1.000	0.75	1	1	1	0.673	False
PF25963.1	Beta-barrel_AAEA	1	1	1.000	0.75	1	0	1	1	False
PF04453.21	LptD	1	1	1.000	0.75	1	1	1	0.673	False
PF21307.3	Glyco_hydro_95_C	1	1	1.000	0.75	1	1	1	0.673	False
PF02696.20	SelO	1	1	1.000	0.75	1	1	1	0.673	False
PF11142.14	DUF2917	1	1	1.000	0.75	1	0	0	1	False
PF13884.12	Peptidase_S74	1	1	1.000	0.75	1	1	1	0.673	False
PF14487.13	DarT	1	1	1.000	0.75	1	0	0	1	False
PF01634.24	HisG	1	1	1.000	0.75	1	0	0	1	False
PF17209.10	Hfq	1	1	1.000	0.75	1	0	0	1	False
PF08714.18	Fae	1	1	1.000	0.75	1	0	0	1	False
PF00183.24	HSP90	1	1	1.000	0.75	1	1	1	0.673	False
PF25873.1	WHD_MalT	1	1	1.000	0.75	1	1	1	0.673	False
PF08551.17	DUF1751	1	1	1.000	0.75	1	0	0	1	False
PF04230.20	PS_pyruv_trans	1	1	1.000	0.75	1	1	1	0.673	False
PF17940.7	TetR_C_31	1	1	1.000	0.75	1	0	0	1	False
PF20656.3	MS_N	1	1	1.000	0.75	1	1	1	0.673	False
PF14130.13	Cap4_nuclease	1	1	1.000	0.75	1	0	1	1	False
PF00310.27	GATase_2	1	1	1.000	0.75	1	0	1	1	False
PF18319.8	Zn_ribbon_PriA	1	1	1.000	0.75	1	1	1	0.673	False
PF12437.14	GSIII_N	1	1	1.000	0.75	1	1	1	0.673	False
PF02590.23	SPOUT_MTase	1	1	1.000	0.75	1	0	0	1	False
PF03741.24	TerC	1	1	1.000	0.75	1	0	0	1	False
PF18917.6	LiaI-LiaF-like_TM1	1	1	1.000	0.75	1	0	0	1	False
PF02359.25	CDC48_N	1	1	1.000	0.75	1	1	1	0.673	False
PF17803.9	Cadherin_4	1	1	1.000	0.75	1	1	1	0.673	False
PF12779.13	WXXGXW	1	1	1.000	0.75	1	0	1	1	False
PF16757.12	Fucosidase_C	1	1	1.000	0.75	1	1	1	0.673	False
PF12671.14	Amidase_6	1	1	1.000	0.75	1	0	0	1	False
PF05101.19	VirB3	1	1	1.000	0.75	1	0	0	1	False
PF00685.34	Sulfotransfer_1	1	1	1.000	0.75	1	0	1	1	False
PF04964.20	Flp_Fap	1	1	1.000	0.75	1	0	0	1	False
PF03405.21	FA_desaturase_2	1	1	1.000	0.75	1	0	0	1	False
PF31085.1	PorX_mid	1	1	1.000	0.75	1	1	1	0.673	False
PF30395.1	Phage_integr_N	1	1	1.000	0.75	1	0	0	1	False
PF09388.16	SpoOE-like	1	1	1.000	0.75	1	0	0	1	False
PF01218.24	Coprogen_oxidas	1	1	1.000	0.75	1	0	0	1	False
PF04552.20	Sigma54_DBD	1	1	1.000	0.75	1	1	1	0.673	False
PF14325.13	DUF4383	1	1	1.000	0.75	1	0	0	1	False
PF12872.14	OST-HTH	1	1	1.000	0.75	1	0	0	1	False
PF18936.6	DUF5684	1	1	1.000	0.75	1	0	0	1	False
PF13688.13	Reprolysin_5	1	1	1.000	0.75	1	1	1	0.673	False
PF03653.20	UPF0093	1	1	1.000	0.75	1	0	0	1	False
PF04325.19	DUF465	1	1	1.000	0.75	1	0	0	1	False
PF01416.26	PseudoU_synth_1	1	1	1.000	0.75	1	0	0	1	False
PF03275.20	GLF	1	1	1.000	0.75	1	0	0	1	False
PF04961.18	FTCD_C	1	1	1.000	0.75	1	0	0	1	False
PF07833.17	Cu_amine_oxidN1	1	1	1.000	0.75	1	1	0	0.428	False
PF14398.12	ATPgrasp_YheCD	1	1	1.000	0.75	1	0	1	1	False
PF03683.21	UPF0175	1	1	1.000	0.75	1	0	0	1	False
PF00875.25	DNA_photolyase	1	1	1.000	0.75	1	1	1	0.673	False
PF03137.27	OATP	1	1	1.000	0.75	1	1	1	0.673	False
PF01835.26	MG2	1	1	1.000	0.75	1	1	1	0.673	False
PF20432.5	Xre-like-HTH	1	1	1.000	0.75	1	0	0	1	False
PF10371.15	EKR	1	1	1.000	0.75	1	1	1	0.673	False
PF01184.25	Gpr1_Fun34_YaaH	1	1	1.000	0.75	1	0	0	1	False
PF01121.27	CoaE	1	1	1.000	0.75	1	0	0	1	False
PF02833.20	DHHA2	1	1	1.000	0.75	1	1	1	0.673	False
PF13516.13	LRR_6	1	1	1.000	0.75	1	1	0	0.428	False
PF16199.11	Radical_SAM_C	1	1	1.000	0.75	1	0	0	1	False
PF03063.26	Prismane	1	1	1.000	0.75	1	1	1	0.673	False
PF03641.20	Lysine_decarbox	1	1	1.000	0.75	1	1	0	0.428	False
PF13202.13	EF-hand_5	1	1	1.000	0.75	1	1	0	0.428	False
PF13435.12	Cytochrome_C554	1	1	1.000	0.75	1	0	1	1	False
PF04365.20	BrnT_toxin	1	1	1.000	0.75	1	0	0	1	False
PF20736.3	Glyco_hydro127M	1	1	1.000	0.75	1	1	1	0.673	False
PF03663.21	Glyco_hydro_76	1	1	1.000	0.75	1	1	1	0.673	False
PF09719.16	C_GCAxxG_C_C	1	1	1.000	0.75	1	0	0	1	False
PF04473.19	DUF553	1	1	1.000	0.75	1	1	0	0.428	False
PF20618.4	GPD_NAD_C_bact	1	1	1.000	0.75	1	0	0	1	False
PF00723.28	Glyco_hydro_15	1	1	1.000	0.75	1	1	1	0.673	False
PF22570.2	LiaF-TM	1	1	1.000	0.75	1	0	0	1	False
PF08100.19	Dimerisation	1	1	1.000	0.75	1	0	0	1	False
PF17203.11	sCache_3_2	1	1	1.000	0.75	1	1	1	0.673	False
PF09296.18	NUDIX-like	1	1	1.000	0.75	1	0	0	1	False
PF19557.7	BrxC-PglY_N	1	1	1.000	0.75	1	1	1	0.673	False
PF04465.19	DUF499	1	1	1.000	0.75	1	1	1	0.673	False
PF14542.13	Acetyltransf_CG	1	1	1.000	0.75	1	0	0	1	False
PF01274.29	MS_TIM-barrel	1	1	1.000	0.75	1	1	1	0.673	False
PF06167.19	Peptidase_M90	1	1	1.000	0.75	1	0	0	1	False
PF00309.26	Sigma54_AID	1	1	1.000	0.75	1	1	1	0.673	False
PF03458.19	Gly_transporter	1	1	1.000	0.75	1	0	0	1	False
PF11959.14	DUF3473	1	1	1.000	0.75	1	0	0	1	False
PF02933.24	CDC48_2	1	1	1.000	0.75	1	1	1	0.673	False
PF04187.19	Cofac_haem_bdg	1	1	1.000	0.75	1	0	0	1	False
PF10057.15	MpsC	1	1	1.000	0.75	1	0	0	1	False
PF13727.13	CoA_binding_3	1	1	1.000	0.75	1	0	1	1	False
PF01968.25	Hydantoinase_A	1	1	1.000	0.75	1	1	1	0.673	False
PF02308.22	MgtC	1	1	1.000	0.75	1	0	0	1	False
PF02049.24	FliE	1	1	1.000	0.75	1	0	0	1	False
PF02800.27	Gp_dh_C	1	1	1.000	0.75	1	0	0	1	False
PF08331.16	QueG_DUF1730	1	1	1.000	0.75	1	0	0	1	False
PF14568.12	SUKH_6	1	1	1.000	0.75	1	0	0	1	False
PF17396.9	DUF1611_N	1	1	1.000	0.75	1	0	0	1	False
PF18941.6	DUF5688	1	1	1.000	0.75	1	0	0	1	False
PF13509.13	S1_2	1	1	1.000	0.75	1	0	0	1	False
PF14498.13	Glyco_hyd_65N_2	1	1	1.000	0.75	1	1	1	0.673	False
PF01346.24	FKBP_N	1	1	1.000	0.75	1	0	0	1	False
PF18269.7	T3SS_ATPase_C	1	1	1.000	0.75	1	1	1	0.673	False
PF07221.18	GlcNAc_2-epim	1	1	1.000	0.75	1	1	0	0.428	False
PF22621.3	CurL-like_PKS_C	1	1	1.000	0.75	1	1	1	0.673	False
PF01894.24	YjbQ	1	1	1.000	0.75	1	0	0	1	False
PF14088.12	DUF4268	1	1	1.000	0.75	1	0	0	1	False
PF09515.16	Thia_YuaJ	1	1	1.000	0.75	1	0	0	1	False
PF06293.21	Kdo	1	1	1.000	0.75	1	0	1	1	False
PF03668.22	RapZ-like_N	1	1	1.000	0.75	1	0	0	1	False
PF16189.12	Creatinase_N_2	1	1	1.000	0.75	1	1	1	0.673	False
PF10076.15	Phage_Mu_Gp48	1	1	1.000	0.75	1	0	0	1	False
PF11288.15	DUF3089	1	1	1.000	0.75	1	0	0	1	False
PF21234.3	Phosphatase-like_N	1	1	1.000	0.75	1	0	0	1	False
PF05935.18	Arylsulfotrans	1	1	1.000	0.75	1	1	1	0.673	False
PF27537.2	HoxH	1	1	1.000	0.75	1	1	1	0.673	False
PF14283.12	CD1107-like	1	1	1.000	0.75	1	1	0	0.428	False
PF06262.18	Zincin_1	1	1	1.000	0.75	1	0	0	1	False
PF08478.16	POTRA_1	1	1	1.000	0.75	1	0	0	1	False
PF17243.8	POTRA_TamA_1	1	1	1.000	0.75	1	1	1	0.673	False
PF20216.4	DUF6576	1	1	1.000	0.75	1	0	0	1	False
PF11737.14	DUF3300	1	1	1.000	0.75	1	1	1	0.673	False
PF09297.17	Zn_ribbon_NUD	1	1	1.000	0.75	1	0	0	1	False
PF14125.13	DUF4292	1	1	1.000	0.75	1	0	0	1	False
PF22689.2	FGAR-AT_PurM_N-like	1	1	1.000	0.75	1	1	1	0.673	False
PF20155.5	TMP_3	1	1	1.000	0.75	1	1	1	0.673	False
PF13189.13	Cytidylate_kin2	1	1	1.000	0.75	1	0	0	1	False
PF02622.23	DUF179	1	1	1.000	0.75	1	0	0	1	False
PF03929.22	PepSY_TM	1	1	1.000	0.75	1	0	0	1	False
PF03120.23	OB_DNA_ligase	1	1	1.000	0.75	1	1	1	0.673	False
PF01871.23	AMMECR1	1	1	1.000	0.75	1	1	0	0.428	False
PF17170.11	DUF5128	1	1	1.000	0.75	1	0	1	1	False
PF02578.22	Cu-oxidase_4	1	1	1.000	0.75	1	0	0	1	False
PF12740.15	PETase	1	1	1.000	0.75	1	0	0	1	False
PF03886.19	ABC_trans_aux	1	1	1.000	0.75	1	0	0	1	False
PF24113.2	DUF7387	1	1	1.000	0.75	1	0	0	1	False
PF02012.27	BNR	1	1	1.000	0.75	1	0	1	1	False
PF20463.4	PDH_C	1	1	1.000	0.75	1	0	0	1	False
PF12672.13	DUF3793	1	1	1.000	0.75	1	0	0	1	False
PF17874.8	TPR_MalT	1	1	1.000	0.75	1	1	1	0.673	False
PF00199.25	Catalase	1	1	1.000	0.75	1	0	1	1	False
PF13086.13	AAA_11	1	1	1.000	0.75	1	1	1	0.673	False
PF14574.12	RACo_C_ter	1	1	1.000	0.75	1	1	1	0.673	False
PF21993.2	TetR_C_13_2	1	1	1.000	0.75	1	0	0	1	False
PF16188.11	Peptidase_M24_C	1	1	1.000	0.75	1	1	1	0.673	False
PF10418.15	DHODB_Fe-S_bind	1	1	1.000	0.75	1	0	0	1	False
PF02342.24	TerD	1	1	1.000	0.75	1	0	0	1	False
PF17962.8	bMG6	1	1	1.000	0.75	1	1	1	0.673	False
PF10417.15	1-cysPrx_C	1	1	1.000	0.75	1	0	0	1	False
PF18480.8	DUF5615	1	1	1.000	0.75	1	0	0	1	False
PF09587.16	PGA_cap	1	1	1.000	0.75	1	1	1	0.673	False
PF05544.17	Pro_racemase	1	1	1.000	0.75	1	0	0	1	False
PF23500.2	DUF7133	1	1	1.000	0.75	1	1	0	0.428	False
PF11974.15	bMG3	1	1	1.000	0.75	1	1	1	0.673	False
PF12349.15	Sterol-sensing	1	1	1.000	0.75	1	1	1	0.673	False
PF04670.19	Gtr1_RagA	1	1	1.000	0.75	1	1	0	0.428	False
PF04126.19	Cyclophil_like	1	1	1.000	0.75	1	0	0	1	False
PF01483.28	P_proprotein	1	1	1.000	0.75	1	1	1	0.673	False
PF07596.17	SBP_bac_10	1	1	1.000	0.75	1	0	0	1	False
PF09312.17	SurA_N	1	1	1.000	0.75	1	1	1	0.673	False
PF03055.22	RPE65	1	1	1.000	0.75	1	0	1	1	False
PF06175.18	MiaE	1	1	1.000	0.75	1	0	0	1	False
PF04183.19	IucA_IucC	1	1	1.000	0.75	1	1	1	0.673	False
PF10114.16	PocR	1	1	1.000	0.75	1	1	0	0.428	False
PF13563.13	2_5_RNA_ligase2	1	1	1.000	0.75	1	0	0	1	False
PF01794.26	Ferric_reduct	1	1	1.000	0.75	1	0	0	1	False
PF09709.16	Cas_Csd1	1	1	1.000	0.75	1	1	1	0.673	False
PF00213.24	OSCP	1	1	1.000	0.75	1	0	0	1	False
PF14502.13	HTH_41	1	1	1.000	0.75	1	0	0	1	False
PF08840.18	BAAT_C	1	1	1.000	0.75	1	0	0	1	False
PF02958.27	EcKL	1	1	1.000	0.75	1	0	1	1	False
PF05378.20	Hydant_A_N	1	1	1.000	0.75	1	1	1	0.673	False
PF08708.17	PriCT_1	1	1	1.000	0.75	1	0	1	1	False
PF09344.16	Cas_CT1975	1	1	1.000	0.75	1	0	0	1	False
PF02057.22	Glyco_hydro_59	1	1	1.000	0.75	1	1	1	0.673	False
PF07219.20	HemY_N	1	1	1.000	0.75	1	1	1	0.673	False
PF17783.8	WHD_CvfB	1	1	1.000	0.75	1	0	0	1	False
PF13382.12	Adenine_deam_C	1	1	1.000	0.75	1	1	1	0.673	False
PF10410.15	DnaB_bind	1	1	1.000	0.75	1	1	1	0.673	False
PF03222.20	Trp_Tyr_perm	1	1	1.000	0.75	1	1	0	0.428	False
PF18939.8	DUF5686	1	1	1.000	0.75	1	0	1	1	False
PF02579.24	Nitro_FeMo-Co	1	1	1.000	0.75	1	0	0	1	False
PF12392.14	DUF3656	1	1	1.000	0.75	1	1	0	0.428	False
PF00902.24	TatC	1	1	1.000	0.75	1	0	0	1	False
PF22527.3	DEXQc_Suv3	1	1	1.000	0.75	1	0	1	1	False
PF13366.13	PDDEXK_3	1	1	1.000	0.75	1	0	0	1	False
PF00766.26	ETF_alpha	1	1	1.000	0.75	1	0	0	1	False
PF22200.3	ExsA_N	1	1	1.000	0.75	1	0	0	1	False
PF17137.10	DUF5110	1	1	1.000	0.75	1	1	1	0.673	False
PF13622.13	4HBT_3	1	1	1.000	0.75	1	0	0	1	False
PF04327.18	Peptidase_Prp	1	1	1.000	0.75	1	0	0	1	False
PF01341.24	Glyco_hydro_6	1	1	1.000	0.75	1	1	1	0.673	False
PF21981.3	RecX_HTH3	1	1	1.000	0.75	1	0	0	1	False
PF17972.8	bMG5	1	1	1.000	0.75	1	1	1	0.673	False
PF04963.20	Sigma54_CBD	1	1	1.000	0.75	1	1	1	0.673	False
PF03150.20	CCP_MauG	1	1	1.000	0.75	1	1	0	0.428	False
PF03745.20	DUF309	1	1	1.000	0.75	1	0	0	1	False
PF29713.1	HHH_RS2-RL21-YNQ2	1	1	1.000	0.75	1	0	0	1	False
PF12738.14	PTCB-BRCT	1	1	1.000	0.75	1	1	0	0.428	False
PF09261.17	Alpha-mann_mid	1	1	1.000	0.75	1	1	1	0.673	False
PF03104.26	DNA_pol_B_exo1	1	1	1.000	0.75	1	0	0	1	False
PF03950.24	tRNA-synt_1c_C	1	1	1.000	0.75	1	1	1	0.673	False
PF13521.13	AAA_28	1	1	1.000	0.75	1	0	0	1	False
PF11127.15	YgaP-like_TM	1	1	1.000	0.75	1	0	0	1	False
PF04261.19	Dyp_perox_N	1	1	1.000	0.75	1	0	0	1	False
PF08003.18	Methyltransf_9	1	1	1.000	0.75	1	0	0	1	False
PF14635.13	HHH_7	1	1	1.000	0.75	1	1	1	0.673	False
PF14330.12	DUF4387	1	1	1.000	0.75	1	0	0	1	False
PF03239.21	FTR1	1	1	1.000	0.75	1	0	1	1	False
PF12961.14	DUF3850	1	1	1.000	0.75	1	0	0	1	False
PF00079.26	Serpin	1	1	1.000	0.75	1	0	0	1	False
PF07291.17	MauE	1	1	1.000	0.75	1	0	0	1	False
PF05738.20	Cna_B	1	1	1.000	0.75	1	1	1	0.673	False
PF07703.21	A2M_BRD	1	1	1.000	0.75	1	1	1	0.673	False
PF21699.4	TM1266-like	1	1	1.000	0.75	1	0	0	1	False
PF04816.19	TrmK	1	1	1.000	0.75	1	0	0	1	False
PF02735.23	Ku	1	1	1.000	0.75	1	0	0	1	False
PF29431.1	HigA_N	1	1	1.000	0.75	1	0	0	1	False
PF06965.18	Na_H_antiport_1	1	1	1.000	0.75	1	1	1	0.673	False
PF18318.7	Gln-synt_C-ter	1	1	1.000	0.75	1	1	1	0.673	False
PF13582.13	Reprolysin_3	1	1	1.000	0.75	1	1	1	0.673	False
PF03601.20	Cons_hypoth698	1	1	1.000	0.75	1	0	0	1	False
PF13583.12	Reprolysin_4	1	1	1.000	0.75	1	1	1	0.673	False
PF20101.5	DUF6491	1	1	1.000	0.75	1	0	0	1	False
PF05057.22	DUF676	1	1	1.000	0.75	1	0	0	1	False
PF13087.13	AAA_12	1	1	1.000	0.75	1	1	1	0.673	False
PF13859.13	BNR_3	1	1	1.000	0.75	1	0	1	1	False
PF19310.5	TOP_N	1	1	1.000	0.75	1	1	1	0.673	False
PF00449.27	Urease_alpha	1	1	1.000	0.75	1	1	1	0.673	False
PF12487.14	DUF3703	1	1	1.000	0.75	1	0	0	1	False
PF25872.1	HTH_77	1	1	1.000	0.75	1	1	1	0.673	False
PF02621.20	VitK2_biosynth	1	1	1.000	0.75	1	0	0	1	False
PF16798.11	DUF5069	1	1	1.000	0.75	1	0	0	1	False
PF22124.3	Glyco_hydro_95_cat	1	1	1.000	0.75	1	1	1	0.673	False
PF01741.24	MscL	1	1	1.000	0.75	1	0	0	1	False
PF00885.25	DMRL_synthase	1	1	1.000	0.75	1	0	0	1	False
PF16653.11	Sacchrp_dh_C	1	1	1.000	0.75	1	0	0	1	False
PF17651.7	Raco_middle	1	1	1.000	0.75	1	1	1	0.673	False
PF04166.18	PdxA	1	1	1.000	0.75	1	0	0	1	False
PF30644.1	SAF_GD_AH	1	1	1.000	0.75	1	0	0	1	False
PF14224.12	DUF4331	1	1	1.000	0.75	1	1	1	0.673	False
PF06835.19	LptC	1	1	1.000	0.75	1	0	0	1	False
PF00112.30	Peptidase_C1	1	1	1.000	0.75	1	0	0	1	False
PF07085.18	DRTGG	1	1	1.000	0.75	1	1	1	0.673	False
PF18076.7	FGAR-AT_N	1	1	1.000	0.75	1	1	1	0.673	False
PF17667.8	Pkinase_fungal	1	1	1.000	0.75	1	0	0	1	False
PF00251.27	Glyco_hydro_32N	1	1	1.000	0.75	1	1	1	0.673	False
PF06776.19	IalB	1	1	1.000	0.75	1	0	0	1	False
PF08471.16	Ribonuc_red_2_N	1	1	1.000	0.75	1	1	1	0.673	False
PF14300.13	DMP19	1	1	1.000	0.75	1	0	0	1	False
PF13371.13	TPR_9	1	1	1.000	0.75	1	0	0	1	False
PF01863.24	YgjP-like	1	1	1.000	0.75	1	0	0	1	False
PF13684.12	FakA-like_C	1	1	1.000	0.75	1	1	0	0.428	False
PF06838.18	Met_gamma_lyase	1	1	1.000	0.75	1	1	1	0.673	False
PF13228.12	DUF4037	1	1	1.000	0.75	1	0	1	1	False
PF00188.33	CAP	1	1	1.000	0.75	1	0	0	1	False
PF22336.3	RhiE-like_linker	1	1	1.000	0.75	1	1	1	0.673	False
PF01311.26	Bac_export_1	1	1	1.000	0.75	1	0	0	1	False
PF01653.24	DNA_ligase_aden	1	1	1.000	0.75	1	1	1	0.673	False
PF18812.7	PBECR3	1	1	1.000	0.75	1	0	0	1	False
PF22745.3	Nlig-Ia	1	1	1.000	0.75	1	1	1	0.673	False
PF19789.7	DUF6273	1	1	1.000	0.75	1	0	1	1	False
PF13630.12	SdpI	1	1	1.000	0.75	1	0	0	1	False
PF17892.8	Cadherin_5	1	1	1.000	0.75	1	1	1	0.673	False
PF12806.13	Acyl-CoA_dh_C	1	1	1.000	0.75	1	1	1	0.673	False
PF06276.18	FhuF	1	1	1.000	0.75	1	1	1	0.673	False
PF14871.13	GHL6	1	1	1.000	0.75	1	1	1	0.673	False
PF06127.17	Mpo1-like	1	1	1.000	0.75	1	0	0	1	False
PF22751.2	DUF488-N3a	1	1	1.000	0.75	1	0	0	1	False
PF17645.7	Amdase	1	1	1.000	0.75	1	0	0	1	False
PF28549.1	NDPSase_N	1	1	1.000	0.75	1	0	0	1	False
PF00267.28	Porin_1	1	1	1.000	0.75	1	0	0	1	False
PF10903.15	DUF2691	1	1	1.000	0.75	1	0	0	1	False
PF26622.1	DUF8199	1	1	1.000	0.75	1	0	0	1	False
PF20659.3	MS_C	1	1	1.000	0.75	1	1	1	0.673	False
PF13186.12	SPASM	1	1	1.000	0.75	1	1	0	0.428	False
PF12256.15	TcdB_toxin_midN	1	1	1.000	0.75	1	1	1	0.673	False
PF02325.24	CCB3_YggT	1	1	1.000	0.75	1	0	0	1	False
PF12167.15	Arm-DNA-bind_2	1	1	1.000	0.75	1	0	0	1	False
PF11774.15	Lsr2	1	1	1.000	0.75	1	0	0	1	False
PF04172.22	LrgB	1	1	1.000	0.75	1	0	0	1	False
PF16257.12	UxaE	1	1	1.000	0.75	1	1	0	0.428	False
PF09347.16	DUF1989	1	1	1.000	0.75	1	0	0	1	False
PF00367.26	PTS_EIIB	1	1	1.000	0.75	1	1	1	0.673	False
PF14238.12	DUF4340	1	1	1.000	0.75	1	1	0	0.428	False
PF04794.18	YdjC	1	1	1.000	0.75	1	0	0	1	False
PF25989.1	YknX_C	1	1	1.000	0.75	1	0	0	1	False
PF02594.22	PF1765-like	1	1	1.000	0.75	1	0	0	1	False
PF19302.6	DUF5915	1	1	1.000	0.75	1	1	1	0.673	False
PF20789.4	4HBT_3C	1	1	1.000	0.75	1	0	0	1	False
PF08546.18	ApbA_C	1	1	1.000	0.75	1	0	0	1	False
PF14106.13	DUF4279	1	1	1.000	0.75	1	0	0	1	False
PF28727.1	DUF8451	1	1	1.000	0.75	1	1	1	0.673	False
PF21979.3	Hfq_1	1	1	1.000	0.75	1	0	0	1	False
PF10990.14	DUF2809	1	1	1.000	0.75	1	0	0	1	False
PF05257.23	CHAP	1	1	1.000	0.75	1	0	0	1	False
PF28943.1	PepS8_pro_Ba	1	1	1.000	0.75	1	1	1	0.673	False
PF06962.19	rRNA_methylase	1	1	1.000	0.75	1	0	0	1	False
PF01730.22	UreF	1	1	1.000	0.75	1	0	0	1	False
PF02631.23	RecX_HTH2	1	1	1.000	0.75	1	0	0	1	False
PF03932.21	CutC	1	1	1.000	0.75	1	0	0	1	False
PF20974.3	tRNA-synt_1c_C2	1	1	1.000	0.75	1	1	1	0.673	False
PF08278.17	DnaG_DnaB_bind	1	1	1.000	0.75	1	1	1	0.673	False
PF04343.19	DUF488	1	1	1.000	0.75	1	0	0	1	False
PF01515.25	PTA_PTB	1	1	1.000	0.75	1	0	1	1	False
PF13376.12	OmdA	1	1	1.000	0.75	1	0	1	1	False
PF07396.18	Porin_O_P	1	1	1.000	0.75	1	0	0	1	False
PF03713.20	DUF305	1	1	1.000	0.75	1	0	0	1	False
PF00908.24	dTDP_sugar_isom	1	1	1.000	0.75	1	0	0	1	False
PF10727.16	Rossmann-like	1	1	1.000	0.75	1	0	0	1	False
PF00317.27	Ribonuc_red_lgN	1	1	1.000	0.75	1	1	1	0.673	False
PF05063.21	MT-A70	1	1	1.000	0.75	1	0	0	1	False
PF05525.20	Branch_AA_trans	1	1	1.000	0.75	1	1	0	0.428	False
PF09180.17	ProRS-C_1	1	1	1.000	0.75	1	1	1	0.673	False
PF03051.22	Peptidase_C1_2	1	1	1.000	0.75	1	0	1	1	False
PF13643.13	DUF4145	1	1	1.000	0.75	1	0	0	1	False
PF16197.12	KAsynt_C_assoc	1	1	1.000	0.75	1	1	1	0.673	False
PF07432.19	Hc1	1	1	1.000	0.75	1	0	0	1	False
PF03699.19	UPF0182	1	1	1.000	0.75	1	1	1	0.673	False
PF20628.4	Dyp_perox_C	1	1	1.000	0.75	1	0	0	1	False
PF07689.19	KaiB	1	1	1.000	0.75	1	0	0	1	False
PF03160.21	Calx-beta	1	1	1.000	0.75	1	1	1	0.673	False
PF27522.2	YDMC	1	1	1.000	0.75	1	0	0	1	False
PF13460.13	NAD_binding_10	16	19	0.842	0.75	1	1	3	0.893	False
PF00593.31	TonB_dep_Rec_b-barrel	16	19	0.842	0.75	1	15	18	0.444	False
PF00561.27	Abhydrolase_1	36	41	0.878	0.753	1	6	6	0.411	False
PF00296.27	Bac_luciferase	8	10	0.800	0.76	1	0	0	1	False
PF01594.23	AI-2E_transport	8	10	0.800	0.76	1	1	2	0.813	False
PF04542.21	Sigma70_r2	31	36	0.861	0.768	1	4	7	0.766	False
PF02719.22	Polysacc_synt_2	13	16	0.812	0.771	1	1	1	0.673	False
PF00912.29	Transgly	7	9	0.778	0.773	1	5	8	0.721	False
PF00370.28	FGGY_N	7	9	0.778	0.773	1	7	9	0.565	False
PF00582.33	Usp	7	9	0.778	0.773	1	0	0	1	False
PF10604.16	Polyketide_cyc2	7	9	0.778	0.773	1	0	0	1	False
PF02879.24	PGM_PMM_II	7	9	0.778	0.773	1	7	9	0.565	False
PF00092.35	VWA	7	9	0.778	0.773	1	5	2	0.126	False
PF13581.13	HATPase_c_2	7	9	0.778	0.773	1	4	4	0.472	False
PF02576.23	RimP_N	3	4	0.750	0.773	1	0	0	1	False
PF00801.27	PKD	3	4	0.750	0.773	1	3	4	0.64	False
PF02618.22	YceG	3	4	0.750	0.773	1	3	2	0.367	False
PF16193.12	AAA_assoc_2	3	4	0.750	0.773	1	2	3	0.71	False
PF01292.27	Ni_hydr_CYTB	3	4	0.750	0.773	1	0	0	1	False
PF05173.20	DapB_C	3	4	0.750	0.773	1	0	0	1	False
PF00089.33	Trypsin	3	4	0.750	0.773	1	2	2	0.573	False
PF01171.28	ATP_bind_3	3	4	0.750	0.773	1	1	4	0.939	False
PF13229.13	Beta_helix	3	4	0.750	0.773	1	2	4	0.808	False
PF00692.25	dUTPase	3	4	0.750	0.773	1	0	0	1	False
PF07635.17	PSCyt1	3	4	0.750	0.773	1	3	4	0.64	False
PF02817.23	E3_binding	3	4	0.750	0.773	1	3	2	0.367	False
PF01915.28	Glyco_hydro_3_C	3	4	0.750	0.773	1	3	4	0.64	False
PF12002.14	MgsA_C	3	4	0.750	0.773	1	2	3	0.71	False
PF02096.27	60KD_IMP	3	4	0.750	0.773	1	3	3	0.514	False
PF01116.27	F_bP_aldolase	3	4	0.750	0.773	1	0	2	1	False
PF05721.20	PhyH	3	4	0.750	0.773	1	0	0	1	False
PF13241.13	NAD_binding_7	3	4	0.750	0.773	1	1	2	0.813	False
PF00817.26	IMS	3	4	0.750	0.773	1	3	3	0.514	False
PF01103.30	Omp85	3	4	0.750	0.773	1	3	4	0.64	False
PF02075.24	RuvC	3	4	0.750	0.773	1	0	0	1	False
PF01368.28	DHH	6	8	0.750	0.788	1	5	3	0.22	False
PF13531.12	SBP_bac_11	6	8	0.750	0.788	1	0	1	1	False
PF13183.12	Fer4_8	6	8	0.750	0.788	1	3	3	0.514	False
PF00293.35	NUDIX	16	20	0.800	0.798	1	0	0	1	False
PF07715.21	Plug	16	20	0.800	0.798	1	16	20	0.485	False
PF12680.14	SnoaL_2	10	13	0.769	0.798	1	0	1	1	False
PF17862.8	AAA_lid_3	5	7	0.714	0.806	1	5	6	0.544	False
PF00999.27	Na_H_Exchanger	5	7	0.714	0.806	1	5	5	0.439	False
PF13483.13	Lactamase_B_3	5	7	0.714	0.806	1	1	1	0.673	False
PF02310.25	B12-binding	5	7	0.714	0.806	1	3	5	0.741	False
PF01243.28	PNPOx_N	5	7	0.714	0.806	1	0	0	1	False
PF01434.25	Peptidase_M41	5	7	0.714	0.806	1	5	5	0.439	False
PF02954.26	HTH_8	9	12	0.750	0.808	1	8	11	0.611	False
PF13187.12	Fer4_9	9	12	0.750	0.808	1	4	4	0.472	False
PF13715.13	CarbopepD_reg_2	9	12	0.750	0.808	1	9	12	0.581	False
PF25601.2	AAA_lid_14	9	12	0.750	0.808	1	9	12	0.581	False
PF01195.27	Pept_tRNA_hydro	2	3	0.667	0.813	1	0	0	1	False
PF02367.24	TsaE	2	3	0.667	0.813	1	0	0	1	False
PF04892.18	VanZ-LLP1	2	3	0.667	0.813	1	0	0	1	False
PF00877.26	NLPC_P60	2	3	0.667	0.813	1	1	1	0.673	False
PF01743.27	PolyA_pol	2	3	0.667	0.813	1	0	3	1	False
PF13328.13	HD_4	2	3	0.667	0.813	1	2	2	0.573	False
PF04828.23	GFA	2	3	0.667	0.813	1	0	0	1	False
PF00485.25	PRK	2	3	0.667	0.813	1	0	0	1	False
PF01263.27	Aldose_epim	2	3	0.667	0.813	1	0	0	1	False
PF13463.13	HTH_27	2	3	0.667	0.813	1	0	0	1	False
PF01988.25	VIT1	2	3	0.667	0.813	1	0	0	1	False
PF13860.13	FlgD_ig	2	3	0.667	0.813	1	1	3	0.893	False
PF00941.28	FAD_binding_5	2	3	0.667	0.813	1	0	0	1	False
PF01796.24	OB_ChsH2_C	2	3	0.667	0.813	1	0	2	1	False
PF02777.24	Sod_Fe_C	2	3	0.667	0.813	1	0	0	1	False
PF26540.1	GcpE_C	2	3	0.667	0.813	1	0	1	1	False
PF04551.20	GcpE	2	3	0.667	0.813	1	0	1	1	False
PF00742.25	Homoserine_dh	2	3	0.667	0.813	1	1	2	0.813	False
PF08450.19	SGL	2	3	0.667	0.813	1	0	2	1	False
PF13484.12	Fer4_16	2	3	0.667	0.813	1	1	1	0.673	False
PF00809.29	Pterin_bind	2	3	0.667	0.813	1	2	1	0.393	False
PF03772.22	Competence	2	3	0.667	0.813	1	1	2	0.813	False
PF27531.1	MT3502_N	2	3	0.667	0.813	1	0	0	1	False
PF19289.5	PmbA_TldD_3rd	2	3	0.667	0.813	1	2	3	0.71	False
PF02629.26	CoA_binding	2	3	0.667	0.813	1	1	3	0.893	False
PF13482.13	RNase_H_2	2	3	0.667	0.813	1	0	0	1	False
PF11897.14	DUF3417	2	3	0.667	0.813	1	2	3	0.71	False
PF05170.21	AsmA	2	3	0.667	0.813	1	1	3	0.893	False
PF22811.3	Zn_ribbon_NrdR	2	3	0.667	0.813	1	0	0	1	False
PF00025.28	Arf	2	3	0.667	0.813	1	2	2	0.573	False
PF21176.4	RecR_HhH	2	3	0.667	0.813	1	0	0	1	False
PF01523.22	PmbA_TldD_1st	2	3	0.667	0.813	1	2	2	0.573	False
PF13207.13	AAA_17	2	3	0.667	0.813	1	0	0	1	False
PF02615.20	Ldh_2	2	3	0.667	0.813	1	0	0	1	False
PF00733.28	Asn_synthase	2	3	0.667	0.813	1	1	3	0.893	False
PF12627.13	PolyA_pol_RNAbd	2	3	0.667	0.813	1	0	3	1	False
PF01978.26	TrmB	2	3	0.667	0.813	1	0	0	1	False
PF01315.28	Ald_Xan_dh_C	2	3	0.667	0.813	1	2	2	0.573	False
PF01612.27	DNA_pol_A_exo1	2	3	0.667	0.813	1	2	3	0.71	False
PF00374.25	NiFeSe_Hases	2	3	0.667	0.813	1	2	3	0.71	False
PF02754.22	CCG	2	3	0.667	0.813	1	0	2	1	False
PF03483.23	B3_4	2	3	0.667	0.813	1	1	3	0.893	False
PF16360.11	GTP-bdg_M	2	3	0.667	0.813	1	1	1	0.673	False
PF13491.12	FtsK_4TM	2	3	0.667	0.813	1	2	3	0.71	False
PF02885.23	Glycos_trans_3N	2	3	0.667	0.813	1	1	2	0.813	False
PF07676.20	PD40	2	3	0.667	0.813	1	2	2	0.573	False
PF01709.27	Transcrip_reg	2	3	0.667	0.813	1	0	0	1	False
PF01946.24	Thi4	2	3	0.667	0.813	1	1	2	0.813	False
PF02348.26	CTP_transf_3	2	3	0.667	0.813	1	0	0	1	False
PF06689.20	zf-C4_ClpX	2	3	0.667	0.813	1	2	2	0.573	False
PF13310.12	Virulence_RhuM	2	3	0.667	0.813	1	0	0	1	False
PF01136.26	Peptidase_U32	2	3	0.667	0.813	1	2	2	0.573	False
PF00289.29	Biotin_carb_N	2	3	0.667	0.813	1	1	3	0.893	False
PF03450.23	CO_deh_flav_C	2	3	0.667	0.813	1	0	0	1	False
PF02911.24	Formyl_trans_C	2	3	0.667	0.813	1	0	0	1	False
PF07722.20	Peptidase_C26	8	11	0.727	0.82	1	6	6	0.411	False
PF07228.18	SpoIIE	8	11	0.727	0.82	1	4	10	0.914	False
PF08028.17	Acyl-CoA_dh_2	12	16	0.750	0.828	1	4	4	0.472	False
PF02482.26	Ribosomal_S30AE	4	6	0.667	0.828	1	0	0	1	False
PF03793.25	PASTA	4	6	0.667	0.828	1	1	4	0.939	False
PF00285.27	Citrate_synt	4	6	0.667	0.828	1	4	3	0.346	False
PF03447.23	NAD_binding_3	4	6	0.667	0.828	1	1	4	0.939	False
PF00994.30	MoCF_biosynth	4	6	0.667	0.828	1	3	2	0.367	False
PF00669.26	Flagellin_N	4	6	0.667	0.828	1	2	3	0.71	False
PF01965.31	DJ-1_PfpI	4	6	0.667	0.828	1	1	0	0.428	False
PF19295.6	SufBD_N	4	6	0.667	0.828	1	4	6	0.686	False
PF01510.31	Amidase_2	4	6	0.667	0.828	1	0	1	1	False
PF00984.25	UDPG_MGDP_dh	4	6	0.667	0.828	1	3	6	0.818	False
PF08238.19	Sel1	4	6	0.667	0.828	1	1	3	0.893	False
PF02355.23	SecD_SecF_C	7	10	0.700	0.834	1	7	8	0.478	False
PF02878.23	PGM_PMM_I	7	10	0.700	0.834	1	7	10	0.644	False
PF13604.13	AAA_30	7	10	0.700	0.834	1	7	6	0.297	False
PF02880.23	PGM_PMM_III	7	10	0.700	0.834	1	7	10	0.644	False
PF00356.28	LacI	7	10	0.700	0.834	1	0	0	1	False
PF00111.33	Fer2	7	10	0.700	0.834	1	1	4	0.939	False
PF00117.35	GATase	11	15	0.733	0.837	1	9	7	0.201	True
PF00083.31	Sugar_tr	16	21	0.762	0.838	1	14	18	0.525	False
PF00501.35	AMP-binding	21	27	0.778	0.844	1	21	22	0.257	False
PF00884.29	Sulfatase	10	14	0.714	0.846	1	9	13	0.65	False
PF13353.12	Fer4_12	6	9	0.667	0.849	1	2	0	0.183	False
PF03061.29	4HBT	6	9	0.667	0.849	1	0	0	1	False
PF02254.25	TrkA_N	6	9	0.667	0.849	1	2	3	0.71	False
PF00583.32	Acetyltransf_1	50	60	0.833	0.854	1	1	6	0.98	True
PF01073.26	3Beta_HSD	19	25	0.760	0.855	1	1	4	0.939	False
PF00916.27	Sulfate_transp	3	5	0.600	0.856	1	3	5	0.741	False
PF13855.13	LRR_8	3	5	0.600	0.856	1	2	2	0.573	False
PF04203.19	Sortase	3	5	0.600	0.856	1	0	0	1	False
PF07244.21	POTRA	3	5	0.600	0.856	1	3	5	0.741	False
PF02368.25	Big_2	3	5	0.600	0.856	1	1	4	0.939	False
PF13603.13	tRNA-synt_1_2	3	5	0.600	0.856	1	3	5	0.741	False
PF00724.27	Oxidored_FMN	3	5	0.600	0.856	1	1	1	0.673	False
PF01558.26	POR	3	5	0.600	0.856	1	1	1	0.673	False
PF01497.24	Peripla_BP_2	3	5	0.600	0.856	1	0	1	1	False
PF01814.29	Hemerythrin	3	5	0.600	0.856	1	0	1	1	False
PF00899.28	ThiF	3	5	0.600	0.856	1	0	0	1	False
PF02585.23	PIG-L	3	5	0.600	0.856	1	2	1	0.393	False
PF13480.14	Acetyltransf_6	3	5	0.600	0.856	1	1	0	0.428	False
PF22769.2	DCD	3	5	0.600	0.856	1	0	1	1	False
PF01113.27	DapB_N	3	5	0.600	0.856	1	0	0	1	False
PF01790.24	LGT	3	5	0.600	0.856	1	0	1	1	False
PF00768.26	Peptidase_S11	3	5	0.600	0.856	1	0	2	1	False
PF01418.24	HTH_6	3	5	0.600	0.856	1	0	0	1	False
PF00491.27	Arginase	3	5	0.600	0.856	1	0	0	1	False
PF00205.29	TPP_enzyme_M	3	5	0.600	0.856	1	2	5	0.875	False
PF02894.23	GFO_IDH_MocA_C	9	13	0.692	0.857	1	1	3	0.893	False
PF01636.30	APH	9	13	0.692	0.857	1	2	8	0.968	False
PF12697.14	Abhydrolase_6	31	39	0.795	0.859	1	1	4	0.939	False
PF13242.13	Hydrolase_like	13	18	0.722	0.86	1	0	2	1	False
PF13185.13	GAF_2	13	18	0.722	0.86	1	10	14	0.622	False
PF13412.13	HTH_24	17	23	0.739	0.866	1	1	1	0.673	False
PF08352.18	oligo_HPY	5	8	0.625	0.867	1	1	3	0.893	False
PF01094.35	ANF_receptor	5	8	0.625	0.867	1	2	3	0.71	False
PF13492.13	GAF_3	5	8	0.625	0.867	1	5	7	0.639	False
PF01728.26	FtsJ	5	8	0.625	0.867	1	2	1	0.393	False
PF00140.26	Sigma70_r1_2	5	8	0.625	0.867	1	4	3	0.346	False
PF18291.7	HU-HIG	5	8	0.625	0.867	1	0	0	1	False
PF00679.31	EFG_C	5	8	0.625	0.867	1	5	8	0.721	False
PF01061.30	ABC2_membrane	5	8	0.625	0.867	1	1	2	0.813	False
PF13245.13	AAA_19	12	17	0.706	0.868	1	10	16	0.739	False
PF03372.30	Exo_endo_phos	8	12	0.667	0.869	1	0	2	1	False
PF00009.34	GTP_EFTU	16	22	0.727	0.872	1	15	16	0.325	False
PF00702.33	Hydrolase	27	35	0.771	0.874	1	7	11	0.714	False
PF13732.13	DrrA1-3_C	1	2	0.500	0.875	1	0	0	1	False
PF09912.15	DUF2141	1	2	0.500	0.875	1	0	0	1	False
PF13088.13	BNR_2	1	2	0.500	0.875	1	0	2	1	False
PF14489.12	QueF	1	2	0.500	0.875	1	0	0	1	False
PF28529.1	McrB_lid	1	2	0.500	0.875	1	1	2	0.813	False
PF02113.21	Peptidase_S13	1	2	0.500	0.875	1	0	2	1	False
PF16320.11	Ribosomal_L12_N	1	2	0.500	0.875	1	0	0	1	False
PF09994.15	T6SS_Tle1-like_cat	1	2	0.500	0.875	1	1	0	0.428	False
PF12897.14	Asp_aminotransf	1	2	0.500	0.875	1	1	2	0.813	False
PF01566.26	Nramp	1	2	0.500	0.875	1	1	2	0.813	False
PF01068.27	DNA_ligase_A_M	1	2	0.500	0.875	1	1	1	0.673	False
PF18050.7	Cyclophil_like2	1	2	0.500	0.875	1	0	0	1	False
PF13413.13	HTH_25	1	2	0.500	0.875	1	0	0	1	False
PF09371.16	Tex_N	1	2	0.500	0.875	1	1	2	0.813	False
PF05050.20	Methyltransf_21	1	2	0.500	0.875	1	0	0	1	False
PF12733.14	Cadherin-like	1	2	0.500	0.875	1	1	2	0.813	False
PF00022.27	Actin	1	2	0.500	0.875	1	0	0	1	False
PF04140.20	ICMT	1	2	0.500	0.875	1	0	0	1	False
PF03729.19	DUF308	1	2	0.500	0.875	1	0	0	1	False
PF02597.27	ThiS	1	2	0.500	0.875	1	0	0	1	False
PF02810.22	SEC-C	1	2	0.500	0.875	1	1	0	0.428	False
PF29531.1	DUF8561	1	2	0.500	0.875	1	0	0	1	False
PF06253.17	MTTB	1	2	0.500	0.875	1	0	2	1	False
PF07813.18	LTXXQ	1	2	0.500	0.875	1	0	0	1	False
PF11842.14	DUF3362	1	2	0.500	0.875	1	1	2	0.813	False
PF23016.3	RsmI_C	1	2	0.500	0.875	1	0	0	1	False
PF02668.23	TauD	1	2	0.500	0.875	1	0	0	1	False
PF02016.22	Peptidase_S66	1	2	0.500	0.875	1	0	0	1	False
PF11741.14	AMIN	1	2	0.500	0.875	1	1	2	0.813	False
PF07454.19	SpoIIP	1	2	0.500	0.875	1	0	0	1	False
PF03724.24	META	1	2	0.500	0.875	1	0	0	1	False
PF14246.12	TetR_C_7	1	2	0.500	0.875	1	0	0	1	False
PF00520.38	Ion_trans	1	2	0.500	0.875	1	0	0	1	False
PF01409.26	tRNA-synt_2d	1	2	0.500	0.875	1	0	0	1	False
PF11969.14	DcpS_C	1	2	0.500	0.875	1	0	0	1	False
PF00542.25	Ribosomal_L12	1	2	0.500	0.875	1	0	0	1	False
PF00420.30	Oxidored_q2	1	2	0.500	0.875	1	0	0	1	False
PF19890.5	DUF6363	1	2	0.500	0.875	1	0	0	1	False
PF13728.13	TraF	1	2	0.500	0.875	1	0	0	1	False
PF07045.18	DUF1330	1	2	0.500	0.875	1	0	0	1	False
PF02388.23	FemAB	1	2	0.500	0.875	1	0	0	1	False
PF00636.32	Ribonuclease_3	1	2	0.500	0.875	1	0	1	1	False
PF01967.28	MoaC	1	2	0.500	0.875	1	0	0	1	False
PF13555.13	AAA_29	1	2	0.500	0.875	1	1	2	0.813	False
PF07498.19	Rho_N	1	2	0.500	0.875	1	1	2	0.813	False
PF12852.14	Cupin_6	1	2	0.500	0.875	1	0	0	1	False
PF01808.25	AICARFT_IMPCHas	1	2	0.500	0.875	1	1	2	0.813	False
PF08818.17	DUF1801	1	2	0.500	0.875	1	0	0	1	False
PF08497.16	Radical_SAM_N	1	2	0.500	0.875	1	1	2	0.813	False
PF09826.16	Beta_propel	1	2	0.500	0.875	1	1	2	0.813	False
PF05683.18	Fumerase_C	1	2	0.500	0.875	1	0	1	1	False
PF05448.19	AXE1	1	2	0.500	0.875	1	0	2	1	False
PF22807.3	TrAA12	1	2	0.500	0.875	1	1	1	0.673	False
PF02358.23	Trehalose_PPase	1	2	0.500	0.875	1	0	0	1	False
PF08338.17	DUF1731	1	2	0.500	0.875	1	0	0	1	False
PF14031.14	D-ser_dehydrat	1	2	0.500	0.875	1	0	0	1	False
PF02132.22	RecR_ZnF	1	2	0.500	0.875	1	0	0	1	False
PF03193.23	RsgA_GTPase	1	2	0.500	0.875	1	0	0	1	False
PF13525.13	YfiO	1	2	0.500	0.875	1	1	0	0.428	False
PF02900.24	LigB	1	2	0.500	0.875	1	0	0	1	False
PF03952.22	Enolase_N	1	2	0.500	0.875	1	1	2	0.813	False
PF13556.13	HTH_30	1	2	0.500	0.875	1	0	1	1	False
PF20260.5	PUA_4	1	2	0.500	0.875	1	0	0	1	False
PF04205.20	FMN_bind	1	2	0.500	0.875	1	1	0	0.428	False
PF05345.19	He_PIG	1	2	0.500	0.875	1	1	1	0.673	False
PF01648.26	ACPS	1	2	0.500	0.875	1	0	1	1	False
PF01745.23	IPT	1	2	0.500	0.875	1	0	0	1	False
PF15902.13	Sortilin-Vps10	1	2	0.500	0.875	1	1	2	0.813	False
PF03091.21	CutA1	1	2	0.500	0.875	1	0	0	1	False
PF00278.29	Orn_DAP_Arg_deC	1	2	0.500	0.875	1	1	2	0.813	False
PF11412.15	DsbD_N	1	2	0.500	0.875	1	1	2	0.813	False
PF14378.13	PAP2_3	1	2	0.500	0.875	1	0	0	1	False
PF08666.19	SAF	1	2	0.500	0.875	1	0	1	1	False
PF05697.19	Trigger_N	1	2	0.500	0.875	1	1	2	0.813	False
PF13372.13	Alginate_exp	1	2	0.500	0.875	1	1	2	0.813	False
PF13507.13	GATase_5	1	2	0.500	0.875	1	1	2	0.813	False
PF01687.24	Flavokinase	1	2	0.500	0.875	1	0	0	1	False
PF02475.24	TRM5-TYW2_MTfase	1	2	0.500	0.875	1	0	1	1	False
PF05958.18	tRNA_U5-meth_tr	1	2	0.500	0.875	1	1	2	0.813	False
PF07519.18	Tannase	1	2	0.500	0.875	1	1	1	0.673	False
PF08530.17	PepX_C	1	2	0.500	0.875	1	1	1	0.673	False
PF13798.12	PCYCGC	1	2	0.500	0.875	1	0	0	1	False
PF02562.23	PhoH	1	2	0.500	0.875	1	0	1	1	False
PF13347.13	MFS_2	1	2	0.500	0.875	1	1	2	0.813	False
PF14137.12	DUF4304	1	2	0.500	0.875	1	0	0	1	False
PF19368.6	WHD_AraR	1	2	0.500	0.875	1	0	0	1	False
PF05787.20	PhoX	1	2	0.500	0.875	1	1	2	0.813	False
PF09594.17	GT87	1	2	0.500	0.875	1	1	2	0.813	False
PF03030.22	H_PPase	1	2	0.500	0.875	1	0	1	1	False
PF07831.20	PYNP_C	1	2	0.500	0.875	1	1	1	0.673	False
PF00203.27	Ribosomal_S19	1	2	0.500	0.875	1	0	0	1	False
PF13469.13	Sulfotransfer_3	1	2	0.500	0.875	1	0	1	1	False
PF17853.7	GGDEF_2	1	2	0.500	0.875	1	1	1	0.673	False
PF01220.26	DHquinase_II	1	2	0.500	0.875	1	0	0	1	False
PF02906.20	Fe_hyd_lg_C	1	2	0.500	0.875	1	1	2	0.813	False
PF03033.27	Glyco_transf_28	1	2	0.500	0.875	1	1	0	0.428	False
PF02646.23	RmuC	1	2	0.500	0.875	1	1	1	0.673	False
PF04371.21	PAD_porph	1	2	0.500	0.875	1	0	0	1	False
PF16325.12	Peptidase_U32_C	1	2	0.500	0.875	1	1	2	0.813	False
PF21783.3	YNCE	1	2	0.500	0.875	1	0	2	1	False
PF13514.13	AAA_27	1	2	0.500	0.875	1	1	2	0.813	False
PF07811.18	TadE	1	2	0.500	0.875	1	0	0	1	False
PF04023.21	FeoA	1	2	0.500	0.875	1	0	1	1	False
PF02912.24	Phe_tRNA-synt_N	1	2	0.500	0.875	1	0	0	1	False
PF06964.19	Alpha-L-AF_C	1	2	0.500	0.875	1	1	2	0.813	False
PF13857.13	Ank_5	1	2	0.500	0.875	1	1	0	0.428	False
PF12172.15	zf-ChsH2	1	2	0.500	0.875	1	0	1	1	False
PF06750.19	A24_N_bact	1	2	0.500	0.875	1	0	0	1	False
PF00113.29	Enolase_C	1	2	0.500	0.875	1	1	2	0.813	False
PF14622.12	Ribonucleas_3_3	1	2	0.500	0.875	1	0	1	1	False
PF03441.20	FAD_binding_7	1	2	0.500	0.875	1	1	2	0.813	False
PF14289.12	DUF4369	1	2	0.500	0.875	1	0	0	1	False
PF03971.20	IDH	1	2	0.500	0.875	1	1	2	0.813	False
PF04264.19	YceI	1	2	0.500	0.875	1	0	0	1	False
PF09364.16	XFP_N	1	2	0.500	0.875	1	0	1	1	False
PF03606.22	DcuC	1	2	0.500	0.875	1	1	2	0.813	False
PF06094.18	GGACT	1	2	0.500	0.875	1	0	1	1	False
PF10099.15	RskA_C	1	2	0.500	0.875	1	0	0	1	False
PF20703.4	nSTAND1	1	2	0.500	0.875	1	0	2	1	False
PF13342.13	Toprim_Crpt	1	2	0.500	0.875	1	0	2	1	False
PF14226.13	DIOX_N	1	2	0.500	0.875	1	0	0	1	False
PF21018.3	BipA_C	1	2	0.500	0.875	1	1	2	0.813	False
PF17762.9	HTH_ParB	1	2	0.500	0.875	1	0	0	1	False
PF01433.27	Peptidase_M1	1	2	0.500	0.875	1	1	2	0.813	False
PF13441.13	Gly-zipper_YMGG	1	2	0.500	0.875	1	0	0	1	False
PF22776.1	K_trans_C	1	2	0.500	0.875	1	1	1	0.673	False
PF27536.1	UbiB_helical	1	2	0.500	0.875	1	1	2	0.813	False
PF17910.7	FeoB_Cyto	1	2	0.500	0.875	1	1	2	0.813	False
PF25876.1	HH_MFP_RND	1	2	0.500	0.875	1	0	1	1	False
PF01474.23	DAHP_synth_2	1	2	0.500	0.875	1	1	2	0.813	False
PF17973.8	bMG10	1	2	0.500	0.875	1	1	2	0.813	False
PF17677.8	Glyco_hydro38C2	1	2	0.500	0.875	1	1	1	0.673	False
PF01507.26	PAPS_reduct	1	2	0.500	0.875	1	1	1	0.673	False
PF02901.21	PFL-like	1	2	0.500	0.875	1	1	2	0.813	False
PF00207.29	A2M	1	2	0.500	0.875	1	1	2	0.813	False
PF05995.19	CDO_I	1	2	0.500	0.875	1	0	0	1	False
PF03069.21	FmdA_AmdA	1	2	0.500	0.875	1	0	0	1	False
PF16990.12	CBM_35	1	2	0.500	0.875	1	1	2	0.813	False
PF22848.3	ASD1_dom	1	2	0.500	0.875	1	1	2	0.813	False
PF07479.20	NAD_Gly3P_dh_C	1	2	0.500	0.875	1	0	1	1	False
PF07748.20	Glyco_hydro_38C	1	2	0.500	0.875	1	1	1	0.673	False
PF10091.16	Glycoamylase	1	2	0.500	0.875	1	1	2	0.813	False
PF01119.26	DNA_mis_repair	1	2	0.500	0.875	1	1	2	0.813	False
PF01584.25	CheW	1	2	0.500	0.875	1	0	1	1	False
PF08676.17	MutL_C	1	2	0.500	0.875	1	1	2	0.813	False
PF08665.18	PglZ	1	2	0.500	0.875	1	1	2	0.813	False
PF11734.14	TilS_C	1	2	0.500	0.875	1	1	2	0.813	False
PF19040.7	SGNH	1	2	0.500	0.875	1	1	1	0.673	False
PF08443.17	RimK	1	2	0.500	0.875	1	1	0	0.428	False
PF13277.12	YmdB	1	2	0.500	0.875	1	0	0	1	False
PF02581.24	TMP-TENI	1	2	0.500	0.875	1	0	0	1	False
PF00162.25	PGK	1	2	0.500	0.875	1	1	1	0.673	False
PF20259.4	tRNA_Me_trans_M	1	2	0.500	0.875	1	0	0	1	False
PF12637.15	TSCPD	1	2	0.500	0.875	1	1	2	0.813	False
PF06904.18	Extensin-like_C	1	2	0.500	0.875	1	0	0	1	False
PF17782.8	WHD_DprA	1	2	0.500	0.875	1	0	0	1	False
PF20258.5	tRNA_Me_trans_C	1	2	0.500	0.875	1	0	0	1	False
PF01084.27	Ribosomal_S18	1	2	0.500	0.875	1	0	0	1	False
PF22613.2	Transketolase_C_1	1	2	0.500	0.875	1	1	1	0.673	False
PF02595.21	Gly_kinase	1	2	0.500	0.875	1	0	1	1	False
PF02705.23	K_trans	1	2	0.500	0.875	1	1	1	0.673	False
PF16912.12	Glu_dehyd_C	1	2	0.500	0.875	1	0	0	1	False
PF01258.24	zf-dskA_traR	1	2	0.500	0.875	1	0	0	1	False
PF22569.2	DCD_C	1	2	0.500	0.875	1	0	0	1	False
PF13740.13	ACT_6	1	2	0.500	0.875	1	0	1	1	False
PF04039.19	MnhB	1	2	0.500	0.875	1	0	1	1	False
PF05698.20	Trigger_C	1	2	0.500	0.875	1	1	2	0.813	False
PF03171.27	2OG-FeII_Oxy	1	2	0.500	0.875	1	0	0	1	False
PF22633.4	F5_F8_type_C_2	1	2	0.500	0.875	1	1	2	0.813	False
PF01641.27	SelR	1	2	0.500	0.875	1	0	0	1	False
PF22740.2	PapZ_C	1	2	0.500	0.875	1	0	1	1	False
PF01210.30	NAD_Gly3P_dh_N	1	2	0.500	0.875	1	0	1	1	False
PF10340.16	Say1_Mug180	1	2	0.500	0.875	1	0	0	1	False
PF07642.18	BBP2	1	2	0.500	0.875	1	1	2	0.813	False
PF05130.18	FlgN	1	2	0.500	0.875	1	0	0	1	False
PF02153.24	PDH_N	1	2	0.500	0.875	1	0	0	1	False
PF04679.22	DNA_ligase_A_C	1	2	0.500	0.875	1	1	1	0.673	False
PF03481.20	Sua5_C	1	2	0.500	0.875	1	0	0	1	False
PF26002.1	Beta-barrel_AprE	1	2	0.500	0.875	1	1	2	0.813	False
PF02784.23	Orn_Arg_deC_N	1	2	0.500	0.875	1	1	2	0.813	False
PF04028.19	DUF374	1	2	0.500	0.875	1	0	0	1	False
PF00146.27	NADHdh	1	2	0.500	0.875	1	0	1	1	False
PF19290.5	PmbA_TldD_2nd	1	2	0.500	0.875	1	1	2	0.813	False
PF00484.25	Pro_CA	1	2	0.500	0.875	1	0	0	1	False
PF18885.7	DUF5648	1	2	0.500	0.875	1	0	1	1	False
PF00034.27	Cytochrom_C	11	16	0.688	0.876	1	5	5	0.439	False
PF13193.13	AMP-binding_C	11	16	0.688	0.876	1	10	15	0.684	False
PF00587.31	tRNA-synt_2b	7	11	0.636	0.881	1	6	10	0.75	False
PF16113.11	ECH_2	10	15	0.667	0.885	1	2	2	0.573	False
PF01047.29	MarR	10	15	0.667	0.885	1	0	0	1	False
PF13419.13	HAD_2	14	20	0.700	0.885	1	0	2	1	False
PF00403.33	HMA	4	7	0.571	0.887	1	0	4	1	False
PF09445.17	Methyltransf_15	4	7	0.571	0.887	1	1	1	0.673	False
PF14501.13	HATPase_c_5	4	7	0.571	0.887	1	4	4	0.472	False
PF00933.28	Glyco_hydro_3	4	7	0.571	0.887	1	3	6	0.818	False
PF00071.29	Ras	4	7	0.571	0.887	1	4	4	0.472	False
PF13360.14	PQQ_2	4	7	0.571	0.887	1	4	7	0.766	False
PF17755.7	UvrA_DNA-bind	4	7	0.571	0.887	1	4	6	0.686	False
PF01797.22	Y1_Tnp	4	7	0.571	0.887	1	0	0	1	False
PF03720.23	UDPG_MGDP_dh_C	4	7	0.571	0.887	1	2	6	0.92	False
PF12832.14	MFS_1_like	4	7	0.571	0.887	1	4	5	0.587	False
PF01765.25	RRF	2	4	0.500	0.891	1	0	0	1	False
PF12072.14	RNase_Y_N	2	4	0.500	0.891	1	2	4	0.808	False
PF08239.18	SH3_3	2	4	0.500	0.891	1	1	1	0.673	False
PF02357.25	NusG	2	4	0.500	0.891	1	0	0	1	False
PF00118.30	Cpn60_TCP1	2	4	0.500	0.891	1	2	4	0.808	False
PF12850.13	Metallophos_2	2	4	0.500	0.891	1	0	0	1	False
PF06418.21	CTP_synth_N	2	4	0.500	0.891	1	2	4	0.808	False
PF01512.23	Complex1_51K	2	4	0.500	0.891	1	2	4	0.808	False
PF13395.13	HNH_4	2	4	0.500	0.891	1	0	1	1	False
PF00772.27	DnaB	2	4	0.500	0.891	1	2	4	0.808	False
PF11716.14	MDMPI_N	2	4	0.500	0.891	1	0	0	1	False
PF02559.23	CarD_TRCF_RID	2	4	0.500	0.891	1	0	3	1	False
PF01245.27	Ribosomal_L19	2	4	0.500	0.891	1	0	0	1	False
PF04069.18	OpuAC	2	4	0.500	0.891	1	1	0	0.428	False
PF03279.19	Lip_A_acyltrans	2	4	0.500	0.891	1	0	0	1	False
PF00560.40	LRR_1	2	4	0.500	0.891	1	1	2	0.813	False
PF00570.29	HRDC	2	4	0.500	0.891	1	1	4	0.939	False
PF02390.24	Methyltransf_4	2	4	0.500	0.891	1	1	0	0.428	False
PF16868.11	NMT1_3	2	4	0.500	0.891	1	0	1	1	False
PF00690.32	Cation_ATPase_N	2	4	0.500	0.891	1	2	4	0.808	False
PF13672.12	PP2C_2	2	4	0.500	0.891	1	0	2	1	False
PF00210.31	Ferritin	2	4	0.500	0.891	1	0	0	1	False
PF22619.3	DNA_polI_exo1	2	4	0.500	0.891	1	2	4	0.808	False
PF13596.13	PAS_10	2	4	0.500	0.891	1	1	3	0.893	False
PF13385.14	Laminin_G_3	2	4	0.500	0.891	1	2	3	0.71	False
PF00543.28	P-II	2	4	0.500	0.891	1	0	1	1	False
PF07584.17	BatA	2	4	0.500	0.891	1	2	1	0.393	False
PF14450.13	FtsA	2	4	0.500	0.891	1	0	2	1	False
PF10502.15	Peptidase_S26	2	4	0.500	0.891	1	0	0	1	False
PF03989.19	DNA_gyraseA_C	2	4	0.500	0.891	1	1	4	0.939	False
PF01081.26	Aldolase	2	4	0.500	0.891	1	0	0	1	False
PF04402.20	SIMPL	2	4	0.500	0.891	1	0	0	1	False
PF03737.22	RraA-like	2	4	0.500	0.891	1	0	1	1	False
PF02824.28	TGS	2	4	0.500	0.891	1	2	3	0.71	False
PF13549.12	ATP-grasp_5	2	4	0.500	0.891	1	1	4	0.939	False
PF06452.17	CBM9_1	2	4	0.500	0.891	1	2	3	0.71	False
PF00398.27	RrnaAD	2	4	0.500	0.891	1	0	0	1	False
PF09365.16	DUF2461	2	4	0.500	0.891	1	0	1	1	False
PF07593.19	UnbV_ASPIC	2	4	0.500	0.891	1	2	4	0.808	False
PF07702.19	UTRA	2	4	0.500	0.891	1	0	0	1	False
PF00391.30	PEP-utilizers	2	4	0.500	0.891	1	1	4	0.939	False
PF04616.21	Glyco_hydro_43	2	4	0.500	0.891	1	1	2	0.813	False
PF02498.23	Bro-N	2	4	0.500	0.891	1	0	0	1	False
PF13349.13	DUF4097	2	4	0.500	0.891	1	1	0	0.428	False
PF17802.8	SpaA	2	4	0.500	0.891	1	2	2	0.573	False
PF13370.12	Fer4_13	2	4	0.500	0.891	1	0	0	1	False
PF14532.13	Sigma54_activ_2	9	14	0.643	0.895	1	9	13	0.65	False
PF00355.33	Rieske	9	14	0.643	0.895	1	1	5	0.965	False
PF07687.20	M20_dimer	12	18	0.667	0.9	1	6	13	0.891	False
PF12802.14	MarR_2	12	18	0.667	0.9	1	0	0	1	False
PF00532.28	Peripla_BP_1	12	18	0.667	0.9	1	1	0	0.428	False
PF00158.33	Sigma54_activat	16	23	0.696	0.9	1	14	22	0.739	False
PF00890.31	FAD_binding_2	25	34	0.735	0.904	1	15	24	0.761	False
PF01593.31	Amino_oxidase	8	13	0.615	0.905	1	7	10	0.644	False
PF00156.34	Pribosyltran	15	22	0.682	0.906	1	1	0	0.428	False
PF02771.22	Acyl-CoA_dh_N	11	17	0.647	0.908	1	4	3	0.346	False
PF02770.25	Acyl-CoA_dh_M	11	17	0.647	0.908	1	3	4	0.64	False
PF00198.29	2-oxoacid_dh	3	6	0.500	0.91	1	3	2	0.367	False
PF16177.12	ACAS_N	3	6	0.500	0.91	1	3	4	0.64	False
PF02780.26	Transketolase_C	3	6	0.500	0.91	1	1	3	0.893	False
PF03551.21	PadR	3	6	0.500	0.91	1	0	0	1	False
PF00829.27	Ribosomal_L21p	3	6	0.500	0.91	1	0	0	1	False
PF01189.24	Methyltr_RsmB-F	3	6	0.500	0.91	1	3	5	0.741	False
PF17760.7	UvrA_inter	3	6	0.500	0.91	1	3	6	0.818	False
PF05222.22	AlaDh_PNT_N	3	6	0.500	0.91	1	1	2	0.813	False
PF17864.8	AAA_lid_4	3	6	0.500	0.91	1	0	0	1	False
PF04073.21	tRNA_edit	3	6	0.500	0.91	1	0	2	1	False
PF00700.28	Flagellin_C	3	6	0.500	0.91	1	2	3	0.71	False
PF06723.20	MreB_Mbl	3	6	0.500	0.91	1	2	3	0.71	False
PF00487.31	FA_desaturase	3	6	0.500	0.91	1	1	2	0.813	False
PF01464.26	SLT	5	9	0.556	0.91	1	1	3	0.893	False
PF01471.24	PG_binding_1	5	9	0.556	0.91	1	1	3	0.893	False
PF12705.14	PDDEXK_1	5	9	0.556	0.91	1	4	8	0.83	False
PF10431.16	ClpB_D2-small	5	9	0.556	0.91	1	5	9	0.788	False
PF02786.23	CPSase_L_D2	5	9	0.556	0.91	1	4	6	0.686	False
PF02492.26	cobW	5	9	0.556	0.91	1	1	3	0.893	False
PF02272.25	DHHA1	5	9	0.556	0.91	1	4	4	0.472	False
PF07859.20	Abhydrolase_3	5	9	0.556	0.91	1	1	3	0.893	False
PF00072.31	Response_reg	70	86	0.814	0.914	1	18	22	0.449	True
PF01022.27	HTH_5	10	16	0.625	0.916	1	0	0	1	False
PF13414.13	TPR_11	7	12	0.583	0.917	1	4	8	0.83	False
PF22725.2	GFO_IDH_MocA_C3	9	15	0.600	0.924	1	0	2	1	False
PF01041.24	DegT_DnrJ_EryC1	9	15	0.600	0.924	1	7	8	0.478	False
PF00892.27	EamA	12	19	0.632	0.925	1	0	0	1	False
PF00441.30	Acyl-CoA_dh_1	12	19	0.632	0.925	1	4	4	0.472	False
PF03462.24	PCRF	4	8	0.500	0.927	1	0	0	1	False
PF12797.13	Fer4_2	4	8	0.500	0.927	1	1	3	0.893	False
PF12848.14	ABC_tran_Xtn	4	8	0.500	0.927	1	4	8	0.83	False
PF13487.13	HD_5	4	8	0.500	0.927	1	2	3	0.71	False
PF20434.6	BD-FAE	6	11	0.545	0.928	1	2	7	0.949	False
PF12710.14	HAD	6	11	0.545	0.928	1	0	1	1	False
PF00437.27	T2SSE	6	11	0.545	0.928	1	3	6	0.818	False
PF04321.24	RmlD_sub_bind	15	23	0.652	0.929	1	1	1	0.673	False
PF00224.28	PK	1	3	0.333	0.938	1	1	3	0.893	False
PF00584.26	SecE	1	3	0.333	0.938	1	0	0	1	False
PF13459.12	Fer4_15	1	3	0.333	0.938	1	0	0	1	False
PF17674.8	HHH_9	1	3	0.333	0.938	1	1	3	0.893	False
PF04199.20	Cyclase	1	3	0.333	0.938	1	0	0	1	False
PF13280.13	WYL	1	3	0.333	0.938	1	0	0	1	False
PF21906.3	WHD_NrtR	1	3	0.333	0.938	1	0	0	1	False
PF16321.11	Ribosom_S30AE_C	1	3	0.333	0.938	1	0	0	1	False
PF06831.20	H2TH	1	3	0.333	0.938	1	0	0	1	False
PF21688.4	FAD-depend_C	1	3	0.333	0.938	1	1	3	0.893	False
PF02872.24	5_nucleotid_C	1	3	0.333	0.938	1	1	3	0.893	False
PF10442.15	FIST_C	1	3	0.333	0.938	1	1	0	0.428	False
PF01008.24	IF-2B	1	3	0.333	0.938	1	0	0	1	False
PF08323.18	Glyco_transf_5	1	3	0.333	0.938	1	1	3	0.893	False
PF05157.21	MshEN	1	3	0.333	0.938	1	1	2	0.813	False
PF12895.14	ANAPC3	1	3	0.333	0.938	1	1	1	0.673	False
PF00150.25	Cellulase	1	3	0.333	0.938	1	1	1	0.673	False
PF16859.11	TetR_C_11	1	3	0.333	0.938	1	0	0	1	False
PF06165.19	GH94_b-supersand	1	3	0.333	0.938	1	1	3	0.893	False
PF08207.19	EFP_N	1	3	0.333	0.938	1	0	0	1	False
PF06155.18	GBBH-like_N	1	3	0.333	0.938	1	0	1	1	False
PF13515.13	FUSC_2	1	3	0.333	0.938	1	1	0	0.428	False
PF03797.26	Autotransporter	1	3	0.333	0.938	1	0	2	1	False
PF02152.24	FolB	1	3	0.333	0.938	1	0	0	1	False
PF05970.21	PIF1	1	3	0.333	0.938	1	1	3	0.893	False
PF17389.9	Bac_rhamnosid6H	1	3	0.333	0.938	1	1	3	0.893	False
PF01592.22	NifU_N	1	3	0.333	0.938	1	0	0	1	False
PF02645.22	DegV	1	3	0.333	0.938	1	0	1	1	False
PF10458.15	Val_tRNA-synt_C	1	3	0.333	0.938	1	1	3	0.893	False
PF01715.24	IPPT	1	3	0.333	0.938	1	0	0	1	False
PF02424.21	ApbE	1	3	0.333	0.938	1	0	0	1	False
PF05226.17	CHASE2	1	3	0.333	0.938	1	1	3	0.893	False
PF01132.28	EFP	1	3	0.333	0.938	1	0	0	1	False
PF00406.30	ADK	1	3	0.333	0.938	1	0	0	1	False
PF00591.28	Glycos_transf_3	1	3	0.333	0.938	1	1	1	0.673	False
PF01564.24	Spermine_synth	1	3	0.333	0.938	1	0	2	1	False
PF16124.11	RecQ_Zn_bind	1	3	0.333	0.938	1	1	3	0.893	False
PF06827.21	zf-FPG_IleRS	1	3	0.333	0.938	1	0	1	1	False
PF13806.13	Rieske_2	1	3	0.333	0.938	1	0	1	1	False
PF19313.6	DUF5916	1	3	0.333	0.938	1	1	3	0.893	False
PF00533.34	BRCT	1	3	0.333	0.938	1	1	1	0.673	False
PF09382.18	RQC	1	3	0.333	0.938	1	1	3	0.893	False
PF16921.11	Tex_YqgF	1	3	0.333	0.938	1	1	3	0.893	False
PF13840.13	ACT_7	1	3	0.333	0.938	1	1	1	0.673	False
PF05762.21	VWA_CoxE	1	3	0.333	0.938	1	1	0	0.428	False
PF00163.25	Ribosomal_S4	1	3	0.333	0.938	1	0	0	1	False
PF13578.13	Methyltransf_24	1	3	0.333	0.938	1	0	0	1	False
PF01227.28	GTP_cyclohydroI	1	3	0.333	0.938	1	0	0	1	False
PF13535.12	ATP-grasp_4	1	3	0.333	0.938	1	1	1	0.673	False
PF05621.18	TniB	1	3	0.333	0.938	1	0	3	1	False
PF00329.26	Complex1_30kDa	1	3	0.333	0.938	1	0	2	1	False
PF13559.12	DUF4129	1	3	0.333	0.938	1	1	2	0.813	False
PF10282.16	Lactonase	1	3	0.333	0.938	1	0	1	1	False
PF03062.25	MBOAT	1	3	0.333	0.938	1	1	2	0.813	False
PF06742.17	DUF1214	1	3	0.333	0.938	1	1	3	0.893	False
PF13205.13	Big_5	1	3	0.333	0.938	1	1	3	0.893	False
PF03315.22	SDH_beta	1	3	0.333	0.938	1	1	3	0.893	False
PF01131.26	Topoisom_bac	1	3	0.333	0.938	1	1	3	0.893	False
PF16326.11	ABC_tran_CTD	1	3	0.333	0.938	1	1	3	0.893	False
PF12729.14	4HB_MCP_1	1	3	0.333	0.938	1	1	1	0.673	False
PF17957.8	Big_7	1	3	0.333	0.938	1	1	3	0.893	False
PF14403.12	CP_ATPgrasp_2	1	3	0.333	0.938	1	1	2	0.813	False
PF00035.33	dsrm	1	3	0.333	0.938	1	0	1	1	False
PF13505.13	OMP_b-brl	1	3	0.333	0.938	1	0	2	1	False
PF02887.22	PK_C	1	3	0.333	0.938	1	1	3	0.893	False
PF02608.21	Bmp	1	3	0.333	0.938	1	0	1	1	False
PF01149.30	Fapy_DNA_glyco	1	3	0.333	0.938	1	0	0	1	False
PF13167.12	GTP-bdg_N	1	3	0.333	0.938	1	1	1	0.673	False
PF06863.18	DUF1254	1	3	0.333	0.938	1	1	3	0.893	False
PF04174.19	CP_ATPgrasp_1	1	3	0.333	0.938	1	1	2	0.813	False
PF22919.2	ATP-synt_VA_C	1	3	0.333	0.938	1	1	3	0.893	False
PF01502.24	PRA-CH	1	3	0.333	0.938	1	0	0	1	False
PF13742.13	tRNA_anti_2	1	3	0.333	0.938	1	1	2	0.813	False
PF01904.26	DUF72	1	3	0.333	0.938	1	0	0	1	False
PF07484.18	Collar	1	3	0.333	0.938	1	0	1	1	False
PF08495.16	FIST	1	3	0.333	0.938	1	1	0	0.428	False
PF01478.24	Peptidase_A24	1	3	0.333	0.938	1	0	0	1	False
PF12826.14	HHH_2	1	3	0.333	0.938	1	1	1	0.673	False
PF17167.11	Glyco_hydro_94	1	3	0.333	0.938	1	1	3	0.893	False
PF09285.18	Elong-fact-P_C	1	3	0.333	0.938	1	0	0	1	False
PF00656.28	Peptidase_C14	1	3	0.333	0.938	1	0	3	1	False
PF04324.21	Fer2_BFD	1	3	0.333	0.938	1	1	1	0.673	False
PF12847.14	Methyltransf_18	1	3	0.333	0.938	1	0	0	1	False
PF04367.19	DUF502	1	3	0.333	0.938	1	0	0	1	False
PF00494.25	SQS_PSY	1	3	0.333	0.938	1	0	0	1	False
PF07691.18	PA14	1	3	0.333	0.938	1	1	2	0.813	False
PF12770.13	CHAT	1	3	0.333	0.938	1	1	2	0.813	False
PF02785.26	Biotin_carb_C	1	3	0.333	0.938	1	1	3	0.893	False
PF16925.11	TetR_C_13	1	3	0.333	0.938	1	0	0	1	False
PF02601.21	Exonuc_VII_L	1	3	0.333	0.938	1	1	2	0.813	False
PF05681.20	Fumerase	1	3	0.333	0.938	1	0	1	1	False
PF02790.21	COX2_TM	1	3	0.333	0.938	1	0	0	1	False
PF17147.10	PFOR_II	1	3	0.333	0.938	1	1	3	0.893	False
PF14528.12	LAGLIDADG_3	1	3	0.333	0.938	1	1	3	0.893	False
PF13677.12	MotB_plug	1	3	0.333	0.938	1	0	0	1	False
PF10590.15	PNP_phzG_C	1	3	0.333	0.938	1	0	0	1	False
PF10988.15	DUF2807	1	3	0.333	0.938	1	0	0	1	False
PF13473.13	Cupredoxin_1	1	3	0.333	0.938	1	0	0	1	False
PF17765.8	MLTR_LBD	1	3	0.333	0.938	1	0	0	1	False
PF04239.18	DUF421	1	3	0.333	0.938	1	0	0	1	False
PF00883.27	Peptidase_M17	1	3	0.333	0.938	1	1	2	0.813	False
PF22706.2	Tex_central_region	1	3	0.333	0.938	1	1	3	0.893	False
PF20256.4	MoCoBD_2	2	5	0.400	0.938	1	2	5	0.875	False
PF01180.28	DHO_dh	2	5	0.400	0.938	1	0	0	1	False
PF00704.35	Glyco_hydro_18	2	5	0.400	0.938	1	2	5	0.875	False
PF07495.20	Y_Y_Y	2	5	0.400	0.938	1	2	5	0.875	False
PF00924.25	MS_channel_2nd	2	5	0.400	0.938	1	1	0	0.428	False
PF02630.22	SCO1-SenC	2	5	0.400	0.938	1	0	0	1	False
PF13292.12	DXP_synthase_N	2	5	0.400	0.938	1	0	2	1	False
PF12849.13	PBP_like_2	2	5	0.400	0.938	1	0	0	1	False
PF13279.13	4HBT_2	2	5	0.400	0.938	1	0	0	1	False
PF00929.32	RNase_T	2	5	0.400	0.938	1	1	2	0.813	False
PF13428.13	TPR_14	2	5	0.400	0.938	1	1	2	0.813	False
PF03548.23	LolA	2	5	0.400	0.938	1	0	0	1	False
PF17912.8	OB_MalK	2	5	0.400	0.938	1	0	0	1	False
PF06580.20	His_kinase	2	5	0.400	0.938	1	2	4	0.808	False
PF00596.28	Aldolase_II	2	5	0.400	0.938	1	0	0	1	False
PF01300.25	Sua5_yciO_yrdC	2	5	0.400	0.938	1	0	0	1	False
PF07494.18	Reg_prop	2	5	0.400	0.938	1	2	5	0.875	False
PF13085.12	Fer2_3	2	5	0.400	0.938	1	0	0	1	False
PF02558.23	ApbA	2	5	0.400	0.938	1	1	1	0.673	False
PF01769.22	MgtE	2	5	0.400	0.938	1	2	5	0.875	False
PF10589.15	NADH_4Fe-4S	2	5	0.400	0.938	1	2	5	0.875	False
PF02738.24	MoCoBD_1	2	5	0.400	0.938	1	2	5	0.875	False
PF00456.27	Transketolase_N	2	5	0.400	0.938	1	1	1	0.673	False
PF01202.29	SKI	2	5	0.400	0.938	1	0	0	1	False
PF00404.25	Dockerin_1	2	5	0.400	0.938	1	2	4	0.808	False
PF01384.26	PHO4	2	5	0.400	0.938	1	0	1	1	False
PF01027.27	Bax1-I	2	5	0.400	0.938	1	0	0	1	False
PF00378.26	ECH_1	10	17	0.588	0.939	1	2	2	0.573	False
PF03109.23	ABC1	5	10	0.500	0.941	1	4	10	0.914	False
PF13472.13	Lipase_GDSL_2	5	10	0.500	0.941	1	1	4	0.939	False
PF00109.33	ketoacyl-synt	5	10	0.500	0.941	1	4	3	0.346	False
PF02080.27	TrkA_C	5	10	0.500	0.941	1	4	6	0.686	False
PF03544.20	TonB_C	5	10	0.500	0.941	1	1	0	0.428	False
PF00160.27	Pro_isomerase	5	10	0.500	0.941	1	0	0	1	False
PF13602.13	ADH_zinc_N_2	5	10	0.500	0.941	1	0	0	1	False
PF01209.25	Ubie_methyltran	16	25	0.640	0.942	1	2	0	0.183	False
PF07690.22	MFS_1	51	67	0.761	0.942	1	39	55	0.641	True
PF00795.28	CN_hydrolase	7	13	0.538	0.942	1	2	3	0.71	False
PF00326.28	Peptidase_S9	12	20	0.600	0.945	1	4	8	0.83	False
PF02861.26	Clp_N	3	7	0.429	0.945	1	3	6	0.818	False
PF18029.8	Glyoxalase_6	3	7	0.429	0.945	1	0	0	1	False
PF01255.25	Prenyltransf	3	7	0.429	0.945	1	0	0	1	False
PF07995.18	GSDH	3	7	0.429	0.945	1	3	3	0.514	False
PF00676.26	E1_dh	3	7	0.429	0.945	1	0	2	1	False
PF02321.24	OEP	9	16	0.562	0.946	1	9	16	0.813	False
PF13442.12	Cytochrome_CBB3	9	16	0.562	0.946	1	4	5	0.587	False
PF00580.28	UvrD-helicase	6	12	0.500	0.952	1	5	12	0.916	False
PF05496.19	RuvB_N	6	12	0.500	0.952	1	3	3	0.514	False
PF00633.30	HHH	6	12	0.500	0.952	1	0	0	1	False
PF07238.20	PilZ	6	12	0.500	0.952	1	1	1	0.673	False
PF14437.13	MafB19-deam	6	12	0.500	0.952	1	0	1	1	False
PF01568.28	Molydop_binding	4	9	0.444	0.954	1	3	8	0.914	False
PF00595.30	PDZ	4	9	0.444	0.954	1	4	7	0.766	False
PF05685.19	Uma2	4	9	0.444	0.954	1	0	0	1	False
PF01734.28	Patatin	4	9	0.444	0.954	1	1	3	0.893	False
PF07991.19	KARI_N	4	9	0.444	0.954	1	1	1	0.673	False
PF05362.20	Lon_C	4	9	0.444	0.954	1	1	8	0.993	False
PF05977.20	MFS_3	4	9	0.444	0.954	1	4	8	0.83	False
PF14559.13	TPR_19	13	22	0.591	0.955	1	7	14	0.865	False
PF07993.19	NAD_binding_4	10	18	0.556	0.957	1	1	1	0.673	False
PF07719.24	TPR_2	10	18	0.556	0.957	1	3	14	0.993	False
PF00085.27	Thioredoxin	10	18	0.556	0.957	1	1	0	0.428	False
PF04851.22	ResIII	26	39	0.667	0.959	1	23	36	0.766	False
PF00571.34	CBS	15	25	0.600	0.96	1	11	17	0.713	False
PF12867.13	DinB_2	5	11	0.455	0.962	1	1	0	0.428	False
PF01425.27	Amidase	5	11	0.455	0.962	1	5	8	0.721	False
PF03176.22	MMPL	9	17	0.529	0.962	1	9	17	0.852	False
PF13614.13	AAA_31	14	24	0.583	0.964	1	3	9	0.943	False
PF03764.25	EFG_IV	2	6	0.333	0.965	1	2	6	0.92	False
PF05491.20	WHD_RuvB	2	6	0.333	0.965	1	0	0	1	False
PF02737.25	3HCDH_N	2	6	0.333	0.965	1	2	2	0.573	False
PF01177.28	Asp_Glu_race	2	6	0.333	0.965	1	0	0	1	False
PF07366.19	SnoaL	2	6	0.333	0.965	1	0	1	1	False
PF03313.22	SDH_alpha	2	6	0.333	0.965	1	2	4	0.808	False
PF00977.28	His_biosynth	2	6	0.333	0.965	1	0	1	1	False
PF03795.21	YCII	2	6	0.333	0.965	1	0	0	1	False
PF13379.12	NMT1_2	2	6	0.333	0.965	1	0	1	1	False
PF14492.13	EFG_III	2	6	0.333	0.965	1	2	6	0.92	False
PF00343.27	Phosphorylase	2	6	0.333	0.965	1	2	6	0.92	False
PF01943.23	Polysacc_synt	2	6	0.333	0.965	1	2	5	0.875	False
PF08242.19	Methyltransf_12	23	36	0.639	0.966	1	4	3	0.346	False
PF01656.30	CbiA	16	27	0.593	0.967	1	4	11	0.94	False
PF02653.22	BPD_transp_2	16	27	0.593	0.967	1	0	6	1	False
PF01053.27	Cys_Met_Meta_PP	3	8	0.375	0.967	1	1	3	0.893	False
PF07394.18	DUF1501	3	8	0.375	0.967	1	2	6	0.92	False
PF02779.30	Transket_pyr	3	8	0.375	0.967	1	1	5	0.965	False
PF17871.8	AAA_lid_9	3	8	0.375	0.967	1	3	8	0.914	False
PF00472.27	RF-1	3	8	0.375	0.967	1	0	0	1	False
PF01170.25	UPF0020	3	8	0.375	0.967	1	1	1	0.673	False
PF03129.26	HGTP_anticodon	3	8	0.375	0.967	1	3	7	0.874	False
PF00515.35	TPR_1	3	8	0.375	0.967	1	1	8	0.993	True
PF00753.34	Lactamase_B	19	31	0.613	0.968	1	5	9	0.788	False
PF00691.26	OmpA	8	16	0.500	0.968	1	3	7	0.874	False
PF13377.13	Peripla_BP_3	8	16	0.500	0.968	1	0	0	1	False
PF13416.12	SBP_bac_8	6	13	0.462	0.968	1	4	7	0.766	False
PF07724.21	AAA_2	6	13	0.462	0.968	1	6	12	0.854	False
PF09084.17	NMT1	6	13	0.462	0.968	1	0	1	1	False
PF04290.19	DctQ	1	4	0.250	0.969	1	0	0	1	False
PF01761.27	DHQ_synthase	1	4	0.250	0.969	1	0	1	1	False
PF01758.22	SBF	1	4	0.250	0.969	1	0	0	1	False
PF01875.24	Memo	1	4	0.250	0.969	1	1	0	0.428	False
PF03480.19	DctP	1	4	0.250	0.969	1	0	0	1	False
PF01165.26	Ribosomal_S21	1	4	0.250	0.969	1	0	0	1	False
PF01196.25	Ribosomal_L17	1	4	0.250	0.969	1	0	0	1	False
PF00459.31	Inositol_P	1	4	0.250	0.969	1	0	0	1	False
PF01975.24	SurE	1	4	0.250	0.969	1	0	0	1	False
PF17759.7	tRNA_synthFbeta	1	4	0.250	0.969	1	1	3	0.893	False
PF05163.18	DinB	1	4	0.250	0.969	1	0	0	1	False
PF10555.15	MraY_sig1	1	4	0.250	0.969	1	0	0	1	False
PF19567.6	CpsB_CapC	1	4	0.250	0.969	1	0	0	1	False
PF00185.31	OTCace	1	4	0.250	0.969	1	0	0	1	False
PF00936.25	BMC	1	4	0.250	0.969	1	0	0	1	False
PF21175.3	RecR_C	1	4	0.250	0.969	1	0	0	1	False
PF00909.27	Ammonium_transp	1	4	0.250	0.969	1	0	3	1	False
PF05198.22	IF3_N	1	4	0.250	0.969	1	0	0	1	False
PF02843.23	GARS_C	1	4	0.250	0.969	1	1	4	0.939	False
PF01855.25	POR_N	1	4	0.250	0.969	1	1	3	0.893	False
PF02469.28	Fasciclin	1	4	0.250	0.969	1	0	0	1	False
PF02457.22	DAC	1	4	0.250	0.969	1	0	0	1	False
PF08299.18	Bac_DnaA_C	1	4	0.250	0.969	1	1	4	0.939	False
PF02729.27	OTCace_N	1	4	0.250	0.969	1	0	0	1	False
PF00121.25	TIM	1	4	0.250	0.969	1	0	0	1	False
PF06414.19	Zeta_toxin	1	4	0.250	0.969	1	0	3	1	False
PF24621.3	DHQS_C	1	4	0.250	0.969	1	0	1	1	False
PF02674.23	Colicin_V	1	4	0.250	0.969	1	0	0	1	False
PF00697.29	PRAI	1	4	0.250	0.969	1	0	1	1	False
PF04452.20	Methyltrans_RNA	1	4	0.250	0.969	1	0	0	1	False
PF07705.18	CARDB	1	4	0.250	0.969	1	1	4	0.939	False
PF02381.24	MraZ	1	4	0.250	0.969	1	0	0	1	False
PF01326.25	PPDK_N	1	4	0.250	0.969	1	1	3	0.893	False
PF03484.22	B5	1	4	0.250	0.969	1	1	3	0.893	False
PF00318.26	Ribosomal_S2	1	4	0.250	0.969	1	0	0	1	False
PF07664.18	FeoB_C	1	4	0.250	0.969	1	1	3	0.893	False
PF04978.18	MST	1	4	0.250	0.969	1	0	0	1	False
PF00707.28	IF3_C	1	4	0.250	0.969	1	0	0	1	False
PF02416.22	TatA_B_E	1	4	0.250	0.969	1	0	0	1	False
PF04191.19	PEMT	1	4	0.250	0.969	1	0	0	1	False
PF04563.21	RNA_pol_Rpb2_1	1	4	0.250	0.969	1	1	4	0.939	False
PF00116.27	COX2	1	4	0.250	0.969	1	0	0	1	False
PF01628.28	HrcA	1	4	0.250	0.969	1	0	0	1	False
PF02467.22	Whib	1	4	0.250	0.969	1	0	0	1	False
PF02565.22	RecO_C	1	4	0.250	0.969	1	0	0	1	False
PF02223.24	Thymidylate_kin	1	4	0.250	0.969	1	0	0	1	False
PF22468.3	ACT_9	1	4	0.250	0.969	1	1	2	0.813	False
PF22818.3	ApeI-like	1	4	0.250	0.969	1	0	1	1	False
PF22117.3	Fer4_Nqo3	1	4	0.250	0.969	1	0	4	1	False
PF03147.20	FDX-ACB	1	4	0.250	0.969	1	1	3	0.893	False
PF03706.19	LPG_synthase_TM	1	4	0.250	0.969	1	0	1	1	False
PF02151.26	UVR	1	4	0.250	0.969	1	1	4	0.939	False
PF02774.24	Semialdhyde_dhC	1	4	0.250	0.969	1	0	0	1	False
PF02844.22	GARS_N	1	4	0.250	0.969	1	1	4	0.939	False
PF01058.30	Oxidored_q6	1	4	0.250	0.969	1	0	0	1	False
PF00754.32	F5_F8_type_C	1	4	0.250	0.969	1	1	4	0.939	False
PF00253.28	Ribosomal_S14	1	4	0.250	0.969	1	0	0	1	False
PF01127.28	Sdh_cyt	1	4	0.250	0.969	1	0	0	1	False
PF03959.20	FSH1	1	4	0.250	0.969	1	0	0	1	False
PF22640.2	ManC_GMP_beta-helix	1	4	0.250	0.969	1	0	4	1	False
PF19045.5	Ligase_CoA_2	1	4	0.250	0.969	1	1	4	0.939	False
PF00709.28	Adenylsucc_synt	1	4	0.250	0.969	1	1	4	0.939	False
PF12822.13	ECF_trnsprt	1	4	0.250	0.969	1	0	0	1	False
PF13607.12	Succ_CoA_lig	1	4	0.250	0.969	1	1	4	0.939	False
PF02230.23	Abhydrolase_2	1	4	0.250	0.969	1	0	0	1	False
PF11967.15	RecO_N	1	4	0.250	0.969	1	0	0	1	False
PF08659.17	KR	34	50	0.680	0.969	1	1	1	0.673	False
PF13524.13	Glyco_trans_1_2	4	10	0.400	0.971	1	1	4	0.939	False
PF00657.29	Lipase_GDSL	4	10	0.400	0.971	1	2	4	0.808	False
PF00486.35	Trans_reg_C	17	29	0.586	0.973	1	1	3	0.893	False
PF07714.24	PK_Tyr_Ser-Thr	17	29	0.586	0.973	1	13	24	0.868	False
PF00069.32	Pkinase	17	29	0.586	0.973	1	13	24	0.868	False
PF01979.27	Amidohydro_1	14	25	0.560	0.973	1	8	19	0.946	False
PF00903.32	Glyoxalase	14	25	0.560	0.973	1	1	0	0.428	False
PF13620.13	CarboxypepD_reg	14	25	0.560	0.973	1	13	21	0.761	False
PF13304.13	AAA_21	27	42	0.643	0.974	1	10	8	0.195	False
PF01751.29	Toprim	7	15	0.467	0.974	1	5	11	0.884	False
PF00881.30	Nitroreductase	7	15	0.467	0.974	1	0	1	1	False
PF00480.27	ROK	7	15	0.467	0.974	1	1	2	0.813	False
PF07969.18	Amidohydro_3	7	15	0.467	0.974	1	5	11	0.884	False
PF01261.31	AP_endonuc_2	11	21	0.524	0.975	1	2	1	0.393	False
PF00440.30	TetR_N	26	41	0.634	0.975	1	1	0	0.428	False
PF01070.25	FMN_dh	5	12	0.417	0.976	1	3	3	0.514	False
PF13905.13	Thioredoxin_8	5	12	0.417	0.976	1	1	0	0.428	False
PF08447.19	PAS_3	10	20	0.500	0.979	1	10	18	0.829	False
PF00581.26	Rhodanese	6	14	0.429	0.979	1	2	5	0.875	False
PF04909.21	Amidohydro_2	6	14	0.429	0.979	1	1	1	0.673	False
PF01370.28	Epimerase	39	58	0.672	0.979	1	2	5	0.875	False
PF13632.13	Glyco_trans_2_3	2	7	0.286	0.98	1	2	0	0.183	False
PF02472.22	ExbD	2	7	0.286	0.98	1	0	0	1	False
PF00275.26	EPSP_synthase	2	7	0.286	0.98	1	2	7	0.949	False
PF00180.26	Iso_dh	2	7	0.286	0.98	1	0	3	1	False
PF01212.28	Beta_elim_lyase	2	7	0.286	0.98	1	0	6	1	False
PF01757.29	Acyl_transf_3	2	7	0.286	0.98	1	1	3	0.893	False
PF01557.24	FAA_hydrolase	2	7	0.286	0.98	1	0	1	1	False
PF01118.31	Semialdhyde_dh	2	7	0.286	0.98	1	0	0	1	False
PF02655.20	ATP-grasp_3	2	7	0.286	0.98	1	2	3	0.71	False
PF02776.24	TPP_enzyme_N	2	7	0.286	0.98	1	2	6	0.92	False
PF13671.13	AAA_33	2	7	0.286	0.98	1	1	1	0.673	False
PF02129.25	Peptidase_S15	3	9	0.333	0.981	1	1	4	0.939	False
PF02769.28	AIRS_C	3	9	0.333	0.981	1	1	6	0.98	False
PF02417.21	Chromate_transp	3	9	0.333	0.981	1	2	2	0.573	False
PF02222.28	ATP-grasp	3	9	0.333	0.981	1	3	5	0.741	False
PF02397.24	Bac_transf	3	9	0.333	0.981	1	0	5	1	False
PF16347.11	SGSH_C	3	9	0.333	0.981	1	3	9	0.943	False
PF13237.12	Fer4_10	9	19	0.474	0.982	1	3	7	0.874	False
PF00873.26	ACR_tran	9	19	0.474	0.982	1	7	18	0.959	False
PF08264.20	Anticodon_1	4	11	0.364	0.982	1	3	11	0.975	False
PF00006.32	ATP-synt_ab	4	11	0.364	0.982	1	4	10	0.914	False
PF06325.20	PrmA	4	11	0.364	0.982	1	0	2	1	False
PF13519.13	VWA_2	7	16	0.438	0.983	1	6	3	0.134	False
PF00202.28	Aminotran_3	7	16	0.438	0.983	1	6	13	0.891	False
PF00383.30	dCMP_cyt_deam_1	7	16	0.438	0.983	1	0	1	1	False
PF01546.34	Peptidase_M20	13	25	0.520	0.983	1	7	18	0.959	False
PF13181.13	TPR_8	21	36	0.583	0.984	1	10	24	0.963	False
PF01590.33	GAF	15	28	0.536	0.984	1	10	24	0.963	False
PF10385.15	RNA_pol_Rpb2_45	1	5	0.200	0.984	1	1	5	0.965	False
PF02347.23	GDC-P	1	5	0.200	0.984	1	1	4	0.939	False
PF00701.29	DHDPS	1	5	0.200	0.984	1	0	0	1	False
PF00464.26	SHMT	1	5	0.200	0.984	1	1	5	0.965	False
PF06574.19	FAD_syn	1	5	0.200	0.984	1	0	0	1	False
PF13184.13	KH_NusA_1st	1	5	0.200	0.984	1	0	5	1	False
PF00142.25	Fer4_NifH	1	5	0.200	0.984	1	0	0	1	False
PF00076.29	RRM_1	1	5	0.200	0.984	1	0	0	1	False
PF16198.11	TruB_C_2	1	5	0.200	0.984	1	0	0	1	False
PF03460.23	NIR_SIR_ferr	1	5	0.200	0.984	1	1	4	0.939	False
PF18072.7	FGAR-AT_linker	1	5	0.200	0.984	1	1	5	0.965	False
PF07731.21	Cu-oxidase_2	1	5	0.200	0.984	1	1	4	0.939	False
PF03009.24	GDPD	1	5	0.200	0.984	1	0	0	1	False
PF12327.14	FtsZ_C	1	5	0.200	0.984	1	1	3	0.893	False
PF26594.2	KH_NusA_2nd	1	5	0.200	0.984	1	0	5	1	False
PF02873.23	MurB_C	1	5	0.200	0.984	1	0	0	1	False
PF13807.12	GNVR	1	5	0.200	0.984	1	1	4	0.939	False
PF13343.12	SBP_bac_6	1	5	0.200	0.984	1	0	1	1	False
PF01050.25	MannoseP_isomer	1	5	0.200	0.984	1	0	4	1	False
PF02978.27	SRP_SPB	1	5	0.200	0.984	1	0	4	1	False
PF08529.17	NusA_N	1	5	0.200	0.984	1	0	5	1	False
PF13431.13	TPR_17	1	5	0.200	0.984	1	1	3	0.893	False
PF07977.20	FabA	1	5	0.200	0.984	1	0	1	1	False
PF12464.14	Mac	1	5	0.200	0.984	1	0	0	1	False
PF00091.32	Tubulin	1	5	0.200	0.984	1	1	3	0.893	False
PF01071.25	GARS_A	1	5	0.200	0.984	1	1	4	0.939	False
PF03477.22	ATP-cone	1	5	0.200	0.984	1	0	2	1	False
PF22435.2	MRM3-like_sub_bind	1	5	0.200	0.984	1	0	0	1	False
PF19279.5	YegS_C	1	5	0.200	0.984	1	0	0	1	False
PF22667.3	Lon_lid	1	5	0.200	0.984	1	1	5	0.965	False
PF03848.21	TehB	1	5	0.200	0.984	1	0	0	1	False
PF01804.24	Penicil_amidase	1	5	0.200	0.984	1	1	4	0.939	False
PF01040.24	UbiA	1	5	0.200	0.984	1	0	0	1	False
PF04560.26	RNA_pol_Rpb2_7	1	5	0.200	0.984	1	1	5	0.965	False
PF03704.24	BTAD	1	5	0.200	0.984	1	1	3	0.893	False
PF08541.17	ACP_syn_III_C	1	5	0.200	0.984	1	1	1	0.673	False
PF02910.26	Succ_DH_flav_C	1	5	0.200	0.984	1	1	5	0.965	False
PF05532.18	CsbD	1	5	0.200	0.984	1	0	0	1	False
PF13247.12	Fer4_11	1	5	0.200	0.984	1	0	2	1	False
PF00579.32	tRNA-synt_1b	1	5	0.200	0.984	1	0	3	1	False
PF00703.28	Glyco_hydro_2	1	5	0.200	0.984	1	1	5	0.965	False
PF04565.22	RNA_pol_Rpb2_3	1	5	0.200	0.984	1	1	5	0.965	False
PF01509.24	TruB_N	1	5	0.200	0.984	1	0	0	1	False
PF00939.26	Na_sulph_symp	1	5	0.200	0.984	1	0	5	1	False
PF13510.12	Fer2_4	1	5	0.200	0.984	1	0	5	1	False
PF00557.30	Peptidase_M24	5	13	0.385	0.985	1	2	2	0.573	True
PF22042.3	EF-G_D2	5	13	0.385	0.985	1	5	13	0.94	False
PF00496.28	SBP_bac_5	5	13	0.385	0.985	1	5	12	0.916	False
PF00348.23	polyprenyl_synt	5	13	0.385	0.985	1	0	0	1	False
PF00696.34	AA_kinase	5	13	0.385	0.985	1	3	3	0.514	False
PF01547.31	SBP_bac_1	8	18	0.444	0.986	1	4	8	0.83	False
PF07728.21	AAA_5	36	56	0.643	0.986	1	22	39	0.886	False
PF12704.15	MacB_PCD	11	23	0.478	0.988	1	9	19	0.911	False
PF16363.12	GDP_Man_Dehyd	15	29	0.517	0.989	1	1	2	0.813	False
PF01138.28	RNase_PH	3	10	0.300	0.989	1	0	7	1	False
PF00756.27	Esterase	3	10	0.300	0.989	1	1	2	0.813	False
PF12800.13	Fer4_4	3	10	0.300	0.989	1	1	0	0.428	False
PF13433.13	Peripla_BP_5	3	10	0.300	0.989	1	2	5	0.875	False
PF13180.13	PDZ_2	3	10	0.300	0.989	1	2	7	0.949	False
PF02852.29	Pyr_redox_dim	3	10	0.300	0.989	1	3	9	0.943	False
PF00814.32	TsaD	3	10	0.300	0.989	1	0	0	1	False
PF13404.13	HTH_AsnC-type	3	10	0.300	0.989	1	0	1	1	False
PF03631.22	Virul_fac_BrkB	3	10	0.300	0.989	1	0	2	1	False
PF01262.28	AlaDh_PNT_C	2	8	0.250	0.989	1	0	3	1	False
PF00590.26	TP_methylase	2	8	0.250	0.989	1	0	1	1	False
PF03448.23	MgtE_N	2	8	0.250	0.989	1	2	7	0.949	False
PF02874.30	ATP-synt_ab_N	2	8	0.250	0.989	1	2	7	0.949	False
PF04879.22	Molybdop_Fe4S4	2	8	0.250	0.989	1	1	8	0.993	False
PF03328.21	HpcH_HpaI	2	8	0.250	0.989	1	0	0	1	False
PF00015.27	MCPsignal	4	12	0.333	0.989	1	3	10	0.962	False
PF13361.13	UvrD_C	4	12	0.333	0.989	1	3	12	0.984	False
PF07729.18	FCD	4	12	0.333	0.989	1	0	0	1	False
PF01738.25	DLH	4	12	0.333	0.989	1	1	5	0.965	False
PF00155.28	Aminotran_1_2	22	39	0.564	0.99	1	12	20	0.783	False
PF00664.29	ABC_membrane	10	22	0.455	0.99	1	10	22	0.936	False
PF08534.17	Redoxin	12	25	0.480	0.99	1	1	0	0.428	False
PF01842.32	ACT	5	14	0.357	0.99	1	2	7	0.949	False
PF00294.30	PfkB	5	14	0.357	0.99	1	0	0	1	False
PF01467.33	CTP_transf_like	5	14	0.357	0.99	1	0	1	1	False
PF12804.14	NTP_transf_3	8	19	0.421	0.99	1	0	4	1	False
PF00106.32	adh_short	41	64	0.641	0.991	1	0	2	1	False
PF00004.36	AAA	37	59	0.627	0.991	1	24	39	0.813	True
PF04389.23	Peptidase_M28	6	16	0.375	0.992	1	3	13	0.99	False
PF01408.29	GFO_IDH_MocA	11	24	0.458	0.992	1	3	7	0.874	False
PF08240.18	ADH_N	9	21	0.429	0.992	1	1	3	0.893	False
PF02687.28	FtsX	15	30	0.500	0.992	1	10	24	0.963	False
PF01012.28	ETF	1	6	0.167	0.992	1	0	0	1	False
PF00562.34	RNA_pol_Rpb2_6	1	6	0.167	0.992	1	1	6	0.98	False
PF00781.30	DAGK_cat	1	6	0.167	0.992	1	0	0	1	False
PF01627.29	Hpt	1	6	0.167	0.992	1	0	2	1	False
PF06439.19	3keto-disac_hyd	1	6	0.167	0.992	1	1	1	0.673	False
PF01450.26	KARI_C	1	6	0.167	0.992	1	0	1	1	False
PF02836.24	Glyco_hydro_2_C	1	6	0.167	0.992	1	1	6	0.98	False
PF07683.20	CobW_C	1	6	0.167	0.992	1	0	2	1	False
PF00725.28	3HCDH	1	6	0.167	0.992	1	1	2	0.813	False
PF04561.20	RNA_pol_Rpb2_2	1	6	0.167	0.992	1	1	6	0.98	False
PF00181.31	Ribosomal_L2_N	1	6	0.167	0.992	1	0	0	1	False
PF00860.27	Xan_ur_permease	1	6	0.167	0.992	1	1	6	0.98	False
PF01077.28	NIR_SIR	1	6	0.167	0.992	1	1	4	0.939	False
PF03947.25	Ribosomal_L2_C	1	6	0.167	0.992	1	0	0	1	False
PF02190.23	LON_substr_bdg	1	6	0.167	0.992	1	1	5	0.965	False
PF07021.19	MetW	1	6	0.167	0.992	1	0	0	1	False
PF02627.27	CMD	1	6	0.167	0.992	1	0	0	1	False
PF01649.24	Ribosomal_S20p	1	6	0.167	0.992	1	0	0	1	False
PF00521.27	DNA_topoisoIV	1	6	0.167	0.992	1	1	6	0.98	False
PF02350.26	Epimerase_2	1	6	0.167	0.992	1	0	0	1	False
PF03060.22	NMO	1	6	0.167	0.992	1	1	1	0.673	False
PF01144.30	CoA_trans	1	6	0.167	0.992	1	0	0	1	False
PF03547.24	Mem_trans	1	6	0.167	0.992	1	0	0	1	False
PF02706.21	Wzz	1	6	0.167	0.992	1	1	5	0.965	False
PF08668.19	HDOD	1	6	0.167	0.992	1	0	1	1	False
PF13450.13	NAD_binding_8	22	40	0.550	0.993	1	14	32	0.97	False
PF01135.26	PCMT	7	18	0.389	0.993	1	1	1	0.673	False
PF13489.13	Methyltransf_23	24	43	0.558	0.993	1	4	4	0.472	False
PF05175.21	MTS	14	29	0.483	0.993	1	4	3	0.346	False
PF00070.34	Pyr_redox	14	29	0.483	0.993	1	9	21	0.948	False
PF03725.21	RNase_PH_C	3	11	0.273	0.994	1	0	7	1	False
PF03602.22	Cons_hypoth95	3	11	0.273	0.994	1	0	2	1	False
PF01037.29	AsnC_trans_reg	3	11	0.273	0.994	1	0	1	1	False
PF00291.32	PALP	8	20	0.400	0.994	1	3	11	0.975	False
PF12837.13	Fer4_6	5	15	0.333	0.994	1	2	7	0.949	False
PF13458.13	Peripla_BP_6	5	15	0.333	0.994	1	2	7	0.949	False
PF01475.26	FUR	2	9	0.222	0.994	1	0	0	1	False
PF13669.13	Glyoxalase_4	2	9	0.222	0.994	1	1	0	0.428	False
PF02515.23	CoA_transf_3	2	9	0.222	0.994	1	2	6	0.92	False
PF01168.27	Ala_racemase_N	2	9	0.222	0.994	1	0	0	1	False
PF00586.30	AIRS	2	9	0.222	0.994	1	0	4	1	False
PF00211.26	Guanylate_cyc	2	9	0.222	0.994	1	2	7	0.949	False
PF00392.28	GntR	13	28	0.464	0.994	1	1	6	0.98	False
PF00107.33	ADH_zinc_N	9	22	0.409	0.995	1	1	3	0.893	False
PF13098.14	Thioredoxin_2	6	17	0.353	0.995	1	1	1	0.673	False
PF13188.14	PAS_8	12	27	0.444	0.995	1	10	21	0.917	False
PF13561.13	adh_short_C2	35	59	0.593	0.995	1	0	2	1	False
PF13432.13	TPR_16	16	33	0.485	0.995	1	7	17	0.943	False
PF00563.26	EAL	7	19	0.368	0.995	1	7	17	0.943	False
PF00905.28	Transpeptidase	7	19	0.368	0.995	1	5	18	0.99	False
PF00266.26	Aminotran_5	8	21	0.381	0.996	1	4	10	0.914	False
PF00578.28	AhpC-TSA	13	29	0.448	0.996	1	1	1	0.673	False
PF13378.13	MR_MLE_C	1	7	0.143	0.996	1	0	3	1	False
PF13440.12	Polysacc_synt_3	1	7	0.143	0.996	1	1	5	0.965	False
PF02082.27	Rrf2	1	7	0.143	0.996	1	0	0	1	False
PF07650.24	KH_2	1	7	0.143	0.996	1	0	0	1	False
PF00698.27	Acyl_transf_1	1	7	0.143	0.996	1	1	2	0.813	False
PF13380.13	CoA_binding_2	1	7	0.143	0.996	1	1	4	0.939	False
PF00330.26	Aconitase	1	7	0.143	0.996	1	1	6	0.98	False
PF07478.19	Dala_Dala_lig_C	1	7	0.143	0.996	1	1	3	0.893	False
PF00455.29	DeoRC	1	7	0.143	0.996	1	0	0	1	False
PF03255.20	ACCA	1	7	0.143	0.996	1	1	3	0.893	False
PF01571.27	GCV_T	1	7	0.143	0.996	1	1	2	0.813	False
PF08032.18	SpoU_sub_bind	1	7	0.143	0.996	1	0	0	1	False
PF00204.32	DNA_gyraseB	1	7	0.143	0.996	1	1	6	0.98	False
PF00986.27	DNA_gyraseB_C	1	7	0.143	0.996	1	1	6	0.98	False
PF01925.26	TauE	3	12	0.250	0.996	1	0	0	1	False
PF00478.32	IMPDH	3	12	0.250	0.996	1	3	4	0.64	False
PF02875.27	Mur_ligase_C	3	12	0.250	0.996	1	3	9	0.943	False
PF08402.17	TOBE_2	5	16	0.312	0.996	1	0	0	1	False
PF01565.29	FAD_binding_4	6	18	0.333	0.997	1	5	12	0.916	False
PF00849.28	PseudoU_synth_2	6	18	0.333	0.997	1	0	2	1	False
PF00990.27	GGDEF	16	34	0.471	0.997	1	10	25	0.972	False
PF00013.36	KH_1	2	10	0.200	0.997	1	2	10	0.988	False
PF00953.27	Glycos_transf_4	2	10	0.200	0.997	1	0	1	1	False
PF00152.26	tRNA-synt_2	2	10	0.200	0.997	1	2	8	0.968	False
PF13506.14	Glyco_transf_21	2	10	0.200	0.997	1	2	3	0.71	False
PF17820.8	PDZ_6	2	10	0.200	0.997	1	2	7	0.949	False
PF05193.27	Peptidase_M16_C	2	10	0.200	0.997	1	1	10	0.998	False
PF00448.29	SRP54	2	10	0.200	0.997	1	0	6	1	False
PF01182.27	Glucosamine_iso	2	10	0.200	0.997	1	0	1	1	False
PF12974.13	Phosphonate-bd	2	10	0.200	0.997	1	0	1	1	False
PF23023.2	Anti-Pycsar_Apyc1	2	10	0.200	0.997	1	0	2	1	False
PF12706.14	Lactamase_B_2	7	20	0.350	0.997	1	0	5	1	False
PF04055.28	Radical_SAM	21	42	0.500	0.997	1	13	11	0.178	False
PF01522.27	Polysacc_deac_1	4	15	0.267	0.998	1	0	3	1	False
PF07992.21	Pyr_redox_2	20	41	0.488	0.998	1	14	31	0.961	False
PF00133.29	tRNA-synt_1	5	17	0.294	0.998	1	4	17	0.995	False
PF00672.31	HAMP	12	29	0.414	0.998	1	10	26	0.979	False
PF08245.19	Mur_ligase_M	3	13	0.231	0.998	1	3	11	0.975	False
PF13176.13	TPR_7	6	19	0.316	0.998	1	5	13	0.94	False
PF10609.16	ParA	6	19	0.316	0.998	1	2	6	0.92	False
PF07973.20	tRNA_SAD	1	8	0.125	0.998	1	0	4	1	False
PF13417.13	GST_N_3	1	8	0.125	0.998	1	0	0	1	False
PF04932.21	Wzy_C	1	8	0.125	0.998	1	1	8	0.993	False
PF01435.25	Peptidase_M48	1	8	0.125	0.998	1	0	5	1	False
PF01039.28	Carboxyl_trans	1	8	0.125	0.998	1	1	3	0.893	False
PF01882.26	DUF58	1	8	0.125	0.998	1	1	2	0.813	False
PF19300.5	BPD_transp_1_N	1	8	0.125	0.998	1	0	0	1	False
PF12911.13	OppC_N	1	8	0.125	0.998	1	0	0	1	False
PF01225.31	Mur_ligase	1	8	0.125	0.998	1	1	8	0.993	False
PF00313.29	CSD	1	8	0.125	0.998	1	0	0	1	False
PF01618.22	MotA_ExbB	1	8	0.125	0.998	1	0	1	1	False
PF02401.24	LYTB	1	8	0.125	0.998	1	0	1	1	False
PF13538.13	UvrD_C_2	1	8	0.125	0.998	1	1	8	0.993	False
PF01321.25	Creatinase_N	1	8	0.125	0.998	1	1	1	0.673	False
PF08448.17	PAS_4	19	40	0.475	0.998	1	17	31	0.883	False
PF01098.25	FTSW_RODA_SPOVE	2	11	0.182	0.998	1	1	4	0.939	False
PF00551.25	Formyl_trans_N	2	11	0.182	0.998	1	0	0	1	False
PF01551.30	Peptidase_M23	2	11	0.182	0.998	1	0	5	1	False
PF00300.28	His_Phos_1	2	11	0.182	0.998	1	0	0	1	False
PF00483.30	NTP_transferase	8	23	0.348	0.998	1	0	9	1	False
PF07730.20	HisKA_3	4	16	0.250	0.999	1	3	12	0.984	False
PF13174.13	TPR_6	6	20	0.300	0.999	1	3	11	0.975	False
PF01479.31	S4	6	20	0.300	0.999	1	0	4	1	False
PF08279.19	HTH_11	3	14	0.214	0.999	1	0	0	1	False
PF01266.31	DAO	14	34	0.412	0.999	1	6	25	0.998	False
PF00254.35	FKBP_C	1	9	0.111	0.999	1	0	2	1	False
PF00675.26	Peptidase_M16	1	9	0.111	0.999	1	1	9	0.996	False
PF01252.24	Peptidase_A8	1	9	0.111	0.999	1	0	0	1	False
PF03023.20	MurJ	1	9	0.111	0.999	1	1	8	0.993	False
PF01556.24	DnaJ_C	1	9	0.111	0.999	1	0	0	1	False
PF07670.20	Gate	1	9	0.111	0.999	1	1	4	0.939	False
PF02881.25	SRP54_N	1	9	0.111	0.999	1	0	6	1	False
PF12836.14	HHH_3	1	9	0.111	0.999	1	1	4	0.939	False
PF13191.13	AAA_16	2	12	0.167	0.999	1	1	11	0.999	False
PF00226.37	DnaJ	2	12	0.167	0.999	1	0	0	1	False
PF10111.15	Glyco_tranf_2_2	2	12	0.167	0.999	1	1	3	0.893	False
PF01966.29	HD	15	36	0.417	0.999	1	8	16	0.875	False
PF09334.18	tRNA-synt_1g	4	17	0.235	0.999	1	4	17	0.995	False
PF23441.1	SDR	1	10	0.100	1	1	0	0	1	False
PF02803.25	Thiolase_C	1	10	0.100	1	1	0	2	1	False
PF01554.24	MatE	1	10	0.100	1	1	1	8	0.993	False
PF01588.27	tRNA_bind	1	10	0.100	1	1	0	8	1	False
PF14602.13	Hexapep_2	2	13	0.154	1	1	1	0	0.428	False
PF02775.27	TPP_enzyme_C	4	18	0.222	1	1	3	9	0.943	False
PF01663.28	Phosphodiest	4	18	0.222	1	1	2	14	0.998	False
PF00384.28	Molybdopterin	3	16	0.187	1	1	3	14	0.993	False
PF00271.38	Helicase_C	18	43	0.419	1	1	15	41	0.996	False
PF13426.14	PAS_9	16	40	0.400	1	1	15	33	0.964	False
PF12838.13	Fer4_7	10	30	0.333	1	1	4	12	0.959	False
PF00989.32	PAS	17	42	0.405	1	1	16	36	0.973	False
PF08241.19	Methyltransf_11	31	63	0.492	1	1	5	5	0.439	True
PF02811.27	PHP	1	11	0.091	1	1	0	6	1	False
PF00108.30	Thiolase_N	1	11	0.091	1	1	0	2	1	False
PF00364.29	Biotin_lipoyl	3	17	0.176	1	1	3	3	0.514	False
PF02518.32	HATPase_c	60	106	0.566	1	1	48	85	0.954	True
PF00575.30	S1	3	18	0.167	1	1	3	16	0.997	False
PF00132.31	Hexapep	3	18	0.167	1	1	1	0	0.428	False
PF01740.27	STAS	2	16	0.125	1	1	2	5	0.875	False
PF07963.18	N_methyl	1	13	0.077	1	1	0	0	1	False
PF13439.13	Glyco_transf_4	5	24	0.208	1	1	1	7	0.989	False
PF13847.13	Methyltransf_31	23	56	0.411	1	1	6	6	0.411	False
PF01145.32	Band_7	2	17	0.118	1	1	0	9	1	False
PF00361.26	Proton_antipo_M	2	17	0.118	1	1	2	14	0.998	False
PF01336.32	tRNA_anti-codon	2	17	0.118	1	1	2	16	0.999	False
PF00512.32	HisKA	29	67	0.433	1	1	25	55	0.988	False
PF13649.13	Methyltransf_25	30	69	0.435	1	1	5	7	0.639	False
PF00037.33	Fer4	10	36	0.278	1	1	3	15	0.996	False
PF20706.4	GT4-conflict	1	15	0.067	1	1	0	7	1	False
PF00270.36	DEAD	17	50	0.340	1	1	15	48	1	False
PF00588.25	SpoU_methylase	2	19	0.105	1	1	0	1	1	False
PF00528.28	BPD_transp_1	44	92	0.478	1	1	6	6	0.411	False
PF13641.13	Glyco_tranf_2_3	5	27	0.185	1	1	2	6	0.92	False
PF00535.33	Glycos_transf_2	12	44	0.273	1	1	4	6	0.686	False
PF13692.13	Glyco_trans_1_4	8	37	0.216	1	1	3	16	0.997	False
PF13579.13	Glyco_trans_4_4	2	22	0.091	1	1	1	8	0.993	False
PF00534.27	Glycos_transf_1	9	40	0.225	1	1	3	17	0.998	False
PF00171.28	Aldedh	5	32	0.156	1	1	5	29	1	True
PF00005.34	ABC_tran	70	185	0.378	1	1	22	65	1	True
PF09972.15	DUF2207	0	1	0.000	1	1	0	1	1	False
PF13239.12	2TM	0	1	0.000	1	1	0	0	1	False
PF03935.23	SKN1_KRE6_Sbg1	0	2	0.000	1	1	0	2	1	False
PF05684.18	DUF819	0	1	0.000	1	1	0	0	1	False
PF14247.13	DUF4344	0	1	0.000	1	1	0	0	1	False
PF07457.17	DUF1516	0	1	0.000	1	1	0	0	1	False
PF01521.27	Fe-S_biosyn	0	1	0.000	1	1	0	0	1	False
PF23536.2	TraK_C	0	1	0.000	1	1	0	0	1	False
PF12674.13	Zn_ribbon_2	0	1	0.000	1	1	0	0	1	False
PF03374.20	ANT	0	1	0.000	1	1	0	0	1	False
PF28173.1	Upx-like	0	1	0.000	1	1	0	1	1	False
PF00137.27	ATP-synt_C	0	4	0.000	1	1	0	0	1	False
PF11751.15	PorP_SprF	0	2	0.000	1	1	0	0	1	False
PF19639.5	DUF6142	0	1	0.000	1	1	0	0	1	False
PF12543.14	DUF3738	0	2	0.000	1	1	0	1	1	False
PF13618.12	Gluconate_2-dh3	0	1	0.000	1	1	0	0	1	False
PF02951.21	GSH-S_N	0	1	0.000	1	1	0	0	1	False
PF00227.32	Proteasome	0	2	0.000	1	1	0	0	1	False
PF26977.1	DUF8309	0	1	0.000	1	1	0	0	1	False
PF01406.26	tRNA-synt_1e	0	7	0.000	1	1	0	7	1	False
PF05079.19	DUF680	0	1	0.000	1	1	0	0	1	False
PF00344.26	SecY	0	4	0.000	1	1	0	2	1	False
PF06906.17	DUF1272	0	1	0.000	1	1	0	0	1	False
PF19777.5	DUF6263	0	2	0.000	1	1	0	0	1	False
PF30556.1	DUF8625	0	1	0.000	1	1	0	0	1	False
PF01250.23	Ribosomal_S6	0	2	0.000	1	1	0	0	1	False
PF05419.18	GUN4	0	1	0.000	1	1	0	0	1	False
PF00044.31	Gp_dh_N	0	2	0.000	1	1	0	0	1	False
PF13714.13	PEP_mutase	0	3	0.000	1	1	0	2	1	False
PF07696.18	7TMR-DISMED2	0	2	0.000	1	1	0	2	1	False
PF11380.14	Stealth_CR2	0	1	0.000	1	1	0	0	1	False
PF26766.1	Choice_anch_L	0	1	0.000	1	1	0	1	1	False
PF31240.1	PylS_N	0	1	0.000	1	1	0	0	1	False
PF11662.14	DUF3263	0	1	0.000	1	1	0	0	1	False
PF23139.2	OB_YrrC	0	1	0.000	1	1	0	1	1	False
PF16491.11	Peptidase_M48_N	0	2	0.000	1	1	0	2	1	False
PF05235.20	CHAD	0	1	0.000	1	1	0	1	1	False
PF22692.2	LlgE_F_G_D1	0	4	0.000	1	1	0	2	1	False
PF04463.18	2-thiour_desulf	0	1	0.000	1	1	0	0	1	False
PF03219.21	TLC	0	1	0.000	1	1	0	1	1	False
PF23764.2	Beta-barrel_GLAA-B_II	0	1	0.000	1	1	0	1	1	False
PF07581.18	Glug	0	1	0.000	1	1	0	1	1	False
PF22091.3	DUF6941	0	1	0.000	1	1	0	0	1	False
PF00148.25	Oxidored_nitro	0	1	0.000	1	1	0	1	1	False
PF23598.2	LRR_14	0	1	0.000	1	1	0	1	1	False
PF00334.25	NDK	0	2	0.000	1	1	0	0	1	False
PF05195.23	AMP_N	0	1	0.000	1	1	0	1	1	False
PF00728.29	Glyco_hydro_20	0	3	0.000	1	1	0	3	1	False
PF05985.17	EutC	0	1	0.000	1	1	0	0	1	False
PF16995.11	tRNA-synt_2_TM	0	1	0.000	1	1	0	1	1	False
PF10400.16	Vir_act_alpha_C	0	1	0.000	1	1	0	0	1	False
PF02503.23	PP_kinase	0	1	0.000	1	1	0	1	1	False
PF05580.19	Peptidase_S55	0	3	0.000	1	1	0	2	1	False
PF01880.25	Desulfoferrodox	0	1	0.000	1	1	0	0	1	False
PF25837.1	Apionate_lact_N	0	1	0.000	1	1	0	1	1	False
PF08533.17	Glyco_hydro_42C	0	1	0.000	1	1	0	1	1	False
PF16889.12	Hepar_II_III_N	0	2	0.000	1	1	0	2	1	False
PF22543.3	Rieske_4	0	2	0.000	1	1	0	1	1	False
PF18726.7	HEPN_SAV_6107	0	2	0.000	1	1	0	0	1	False
PF22341.2	GSPE_N1E	0	1	0.000	1	1	0	1	1	False
PF03169.21	OPT	0	1	0.000	1	1	0	1	1	False
PF23710.3	DUF7155	0	1	0.000	1	1	0	0	1	False
PF29386.1	CFAP70_mid_TPR	0	1	0.000	1	1	0	1	1	False
PF05670.19	NFACT-R_1	0	1	0.000	1	1	0	1	1	False
PF04173.19	DoxD	0	1	0.000	1	1	0	0	1	False
PF14589.11	NrfD_2	0	1	0.000	1	1	0	1	1	False
PF05137.19	PilN	0	2	0.000	1	1	0	2	1	False
PF09526.17	DUF2387	0	1	0.000	1	1	0	0	1	False
PF07556.17	DUF1538	0	1	0.000	1	1	0	1	1	False
PF17763.7	Asparaginase_C	0	3	0.000	1	1	0	0	1	False
PF08433.17	KTI12	0	1	0.000	1	1	0	0	1	False
PF14512.12	TM1586_NiRdase	0	3	0.000	1	1	0	0	1	False
PF09094.17	AmyA-A_glucT_m	0	1	0.000	1	1	0	1	1	False
PF07368.17	DUF1487	0	1	0.000	1	1	0	1	1	False
PF08721.18	Tn7_Tnp_TnsA_C	0	1	0.000	1	1	0	0	1	False
PF29701.1	TP_0454_N	0	1	0.000	1	1	0	0	1	False
PF03652.21	RuvX	0	2	0.000	1	1	0	0	1	False
PF01883.25	FeS_assembly_P	0	6	0.000	1	1	0	1	1	False
PF25497.2	COR-B	0	1	0.000	1	1	0	1	1	False
PF05816.17	TelA	0	2	0.000	1	1	0	2	1	False
PF02335.21	Cytochrom_C552	0	1	0.000	1	1	0	1	1	False
PF22752.2	DUF488-N3i	0	1	0.000	1	1	0	0	1	False
PF28600.1	Nitroreductase_C	0	1	0.000	1	1	0	0	1	False
PF04024.18	PspC	0	4	0.000	1	1	0	1	1	False
PF00189.26	Ribosomal_S3_C	0	2	0.000	1	1	0	0	1	False
PF03975.19	CheD	0	1	0.000	1	1	0	0	1	False
PF17935.7	TetR_C_27	0	1	0.000	1	1	0	0	1	False
PF03422.22	CBM_6	0	1	0.000	1	1	0	1	1	False
PF08031.18	BBE	0	3	0.000	1	1	0	3	1	False
PF00544.26	Pectate_lyase_4	0	1	0.000	1	1	0	1	1	False
PF16327.12	CcmF_C	0	4	0.000	1	1	0	4	1	False
PF13246.13	Cation_ATPase	0	4	0.000	1	1	0	4	1	False
PF10708.15	DUF2510	0	1	0.000	1	1	0	0	1	False
PF01906.25	YbjQ_1	0	1	0.000	1	1	0	0	1	False
PF07411.18	DUF1508	0	3	0.000	1	1	0	0	1	False
PF27096.1	UvrC_M	0	1	0.000	1	1	0	1	1	False
PF21074.3	GDH_C	0	1	0.000	1	1	0	1	1	False
PF19515.6	DUF6048	0	1	0.000	1	1	0	0	1	False
PF01301.26	Glyco_hydro_35	0	1	0.000	1	1	0	1	1	False
PF02203.22	TarH	0	2	0.000	1	1	0	1	1	False
PF11660.14	DUF3262	0	1	0.000	1	1	0	0	1	False
PF19762.5	DUF6249	0	1	0.000	1	1	0	0	1	False
PF17297.8	PEPCK_N	0	2	0.000	1	1	0	2	1	False
PF02256.23	Fe_hyd_SSU	0	2	0.000	1	1	0	2	1	False
PF21220.4	RecQ-1-like_HTH	0	1	0.000	1	1	0	1	1	False
PF19276.5	HD_assoc_2	0	1	0.000	1	1	0	1	1	False
PF25885.1	HH_EMRA	0	1	0.000	1	1	0	1	1	False
PF09995.16	MPAB_Lcp_cat	0	1	0.000	1	1	0	0	1	False
PF23539.2	DUF7134	0	1	0.000	1	1	0	1	1	False
PF22741.2	PTP-NADK	0	1	0.000	1	1	0	0	1	False
PF18073.8	Zn_ribbon_LapB	0	2	0.000	1	1	0	0	1	False
PF18347.8	DUF5606	0	1	0.000	1	1	0	0	1	False
PF12857.14	TOBE_3	0	1	0.000	1	1	0	0	1	False
PF13116.12	YhdP	0	1	0.000	1	1	0	1	1	False
PF02074.22	Peptidase_M32	0	1	0.000	1	1	0	1	1	False
PF09579.16	Spore_YtfJ	0	1	0.000	1	1	0	0	1	False
PF23019.3	DUF7033	0	1	0.000	1	1	0	1	1	False
PF21352.4	Zn_ribbon_Thio2	0	1	0.000	1	1	0	0	1	False
PF12904.14	Collagen_bind_2	0	1	0.000	1	1	0	0	1	False
PF21922.2	PBP_dimer_2	0	1	0.000	1	1	0	1	1	False
PF14076.13	DUF4258	0	1	0.000	1	1	0	0	1	False
PF18912.7	DZR_2	0	1	0.000	1	1	0	0	1	False
PF16078.11	2-oxogl_dehyd_N	0	1	0.000	1	1	0	1	1	False
PF03320.19	FBPase_glpX	0	2	0.000	1	1	0	1	1	False
PF17159.11	MASE3	0	1	0.000	1	1	0	1	1	False
PF11408.14	Helicase_Sgs1	0	1	0.000	1	1	0	1	1	False
PF13392.13	HNH_3	0	1	0.000	1	1	0	0	1	False
PF04107.19	GCS2	0	2	0.000	1	1	0	0	1	False
PF19931.5	DUF6394	0	2	0.000	1	1	0	0	1	False
PF30497.1	WbpG_C	0	2	0.000	1	1	0	1	1	False
PF09836.15	HvfC_N	0	1	0.000	1	1	0	0	1	False
PF02838.21	Glyco_hydro_20b	0	4	0.000	1	1	0	4	1	False
PF17770.8	RNase_J_C	0	1	0.000	1	1	0	1	1	False
PF04760.22	IF2_N	0	3	0.000	1	1	0	3	1	False
PF13091.13	PLDc_2	0	4	0.000	1	1	0	3	1	False
PF20221.4	DUF6580	0	1	0.000	1	1	0	0	1	False
PF05014.22	Nuc_deoxyrib_tr	0	1	0.000	1	1	0	0	1	False
PF18889.7	Beta_helix_3	0	1	0.000	1	1	0	1	1	False
PF01820.28	Dala_Dala_lig_N	0	3	0.000	1	1	0	0	1	False
PF10388.16	YkuI_C	0	1	0.000	1	1	0	1	1	False
PF21088.3	MS_channel_1st	0	2	0.000	1	1	0	0	1	False
PF22113.2	Mtrc-MtrF_II-IV_dom	0	1	0.000	1	1	0	0	1	False
PF03780.20	Asp23	0	2	0.000	1	1	0	0	1	False
PF14516.13	AAA_35	0	2	0.000	1	1	0	1	1	False
PF12969.13	DUF3857	0	2	0.000	1	1	0	2	1	False
PF19833.5	RecG_dom3_C	0	4	0.000	1	1	0	4	1	False
PF28558.1	TilS_SCL	0	1	0.000	1	1	0	1	1	False
PF03916.20	NrfD	0	3	0.000	1	1	0	2	1	False
PF02470.26	MlaD	0	9	0.000	1	1	0	1	1	False
PF30663.1	DUF8692	0	1	0.000	1	1	0	1	1	False
PF14715.12	FixP_N	0	1	0.000	1	1	0	0	1	False
PF22685.2	Gal80p_C-like	0	1	0.000	1	1	0	0	1	False
PF09394.17	Inhibitor_I42	0	1	0.000	1	1	0	0	1	False
PF11188.14	DUF2975	0	1	0.000	1	1	0	0	1	False
PF20732.3	NamZ_C	0	1	0.000	1	1	0	0	1	False
PF01902.25	Diphthami_syn_2_N	0	1	0.000	1	1	0	0	1	False
PF03808.21	Glyco_tran_WecG	0	1	0.000	1	1	0	1	1	False
PF17201.11	Cache_3-Cache_2	0	2	0.000	1	1	0	2	1	False
PF08436.18	DXP_redisom_C	0	1	0.000	1	1	0	0	1	False
PF09350.16	DJC28_CD	0	1	0.000	1	1	0	0	1	False
PF19853.5	DUF6328	0	1	0.000	1	1	0	0	1	False
PF17392.8	Urocanase_C	0	1	0.000	1	1	0	1	1	False
PF14697.12	Fer4_21	0	1	0.000	1	1	0	1	1	False
PF24491.2	DUF7586	0	1	0.000	1	1	0	1	1	False
PF13444.13	Acetyltransf_5	0	1	0.000	1	1	0	1	1	False
PF05343.20	Peptidase_M42	0	2	0.000	1	1	0	0	1	False
PF02798.27	GST_N	0	5	0.000	1	1	0	0	1	False
PF01411.25	tRNA-synt_2c	0	5	0.000	1	1	0	3	1	False
PF20501.4	MbhE	0	2	0.000	1	1	0	2	1	False
PF22660.3	RS_preATP-grasp-like	0	1	0.000	1	1	0	0	1	False
PF29471.1	Ribosomal_uL15_N	0	2	0.000	1	1	0	0	1	False
PF00360.27	PHY	0	1	0.000	1	1	0	1	1	False
PF18895.6	T4SS_pilin	0	2	0.000	1	1	0	0	1	False
PF01712.26	dNK	0	2	0.000	1	1	0	0	1	False
PF29489.1	FimW_M	0	1	0.000	1	1	0	1	1	False
PF13513.13	HEAT_EZ	0	1	0.000	1	1	0	0	1	False
PF10974.16	DUF2804	0	1	0.000	1	1	0	0	1	False
PF13464.12	RodZ_C	0	3	0.000	1	1	0	0	1	False
PF25539.2	Bestrophin_2	0	1	0.000	1	1	0	0	1	False
PF04380.19	BMFP	0	1	0.000	1	1	0	0	1	False
PF26182.1	Ig_NUP210_5th	0	1	0.000	1	1	0	1	1	False
PF22642.2	MinC_N_1	0	1	0.000	1	1	0	0	1	False
PF16240.11	DUF4899	0	1	0.000	1	1	0	0	1	False
PF24986.2	PRC_RimM	0	2	0.000	1	1	0	0	1	False
PF03709.22	OKR_DC_1_N	0	1	0.000	1	1	0	1	1	False
PF06271.19	RDD	0	3	0.000	1	1	0	0	1	False
PF21249.3	GyrB_hook	0	1	0.000	1	1	0	1	1	False
PF02167.21	Cytochrom_C1	0	1	0.000	1	1	0	0	1	False
PF06030.19	WxLIP_PGBD	0	1	0.000	1	1	0	0	1	False
PF17191.11	RecG_wedge	0	6	0.000	1	1	0	5	1	False
PF21426.4	GBS104-like_Ig	0	1	0.000	1	1	0	1	1	False
PF11953.14	DUF3470	0	2	0.000	1	1	0	0	1	False
PF04294.19	VanW	0	1	0.000	1	1	0	1	1	False
PF11173.14	DUF2960	0	1	0.000	1	1	0	0	1	False
PF03116.21	NQR2_RnfD_RnfE	0	2	0.000	1	1	0	0	1	False
PF08345.18	YscJ_FliF_C	0	2	0.000	1	1	0	2	1	False
PF08021.18	FAD_binding_9	0	2	0.000	1	1	0	1	1	False
PF22677.3	Ble-like_N	0	1	0.000	1	1	0	0	1	False
PF03755.19	YicC-like_N	0	1	0.000	1	1	0	0	1	False
PF16800.12	Endopep_inhib	0	1	0.000	1	1	0	0	1	False
PF01874.23	CitG	0	1	0.000	1	1	0	0	1	False
PF14148.12	YhdB	0	1	0.000	1	1	0	0	1	False
PF16884.11	ADH_N_2	0	1	0.000	1	1	0	0	1	False
PF25778.2	DUF7948	0	1	0.000	1	1	0	1	1	False
PF23235.2	WHD_3rd_Lhr	0	2	0.000	1	1	0	2	1	False
PF00565.24	SNase	0	2	0.000	1	1	0	2	1	False
PF02405.22	MlaE	0	3	0.000	1	1	0	0	1	False
PF29407.1	CFAP70_TPR_C	0	1	0.000	1	1	0	1	1	False
PF07549.20	Sec_GG	0	5	0.000	1	1	0	3	1	False
PF30702.1	DUF8693	0	3	0.000	1	1	0	2	1	False
PF27168.1	Rv2576c_beta	0	1	0.000	1	1	0	0	1	False
PF31082.1	SWIM_C	0	1	0.000	1	1	0	1	1	False
PF02709.21	Glyco_transf_7C	0	2	0.000	1	1	0	1	1	False
PF03119.22	DNA_ligase_ZBD	0	1	0.000	1	1	0	1	1	False
PF18541.8	RuvC_III	0	1	0.000	1	1	0	1	1	False
PF23572.2	GH3_C	0	2	0.000	1	1	0	2	1	False
PF11011.14	DUF2849	0	1	0.000	1	1	0	0	1	False
PF08502.16	LeuA_dimer	0	1	0.000	1	1	0	1	1	False
PF11743.14	DUF3301	0	1	0.000	1	1	0	0	1	False
PF17767.8	NAPRTase_N	0	1	0.000	1	1	0	1	1	False
PF13308.12	YARHG	0	1	0.000	1	1	0	0	1	False
PF05354.18	Phage_attach	0	1	0.000	1	1	0	0	1	False
PF22666.3	Glyco_hydro_2_N2	0	6	0.000	1	1	0	5	1	False
PF01259.25	SAICAR_synt	0	3	0.000	1	1	0	0	1	False
PF04030.20	ALO	0	1	0.000	1	1	0	1	1	False
PF31156.1	CapB_C	0	1	0.000	1	1	0	0	1	False
PF01729.26	QRPTase_C	0	4	0.000	1	1	0	0	1	False
PF16661.12	Lactamase_B_6	0	3	0.000	1	1	0	3	1	False
PF01455.24	HupF_HypC	0	1	0.000	1	1	0	0	1	False
PF03726.20	PNPase	0	7	0.000	1	1	0	7	1	False
PF01501.27	Glyco_transf_8	0	1	0.000	1	1	0	0	1	False
PF18083.7	PutA_N	0	2	0.000	1	1	0	2	1	False
PF31215.1	CdgR_N	0	1	0.000	1	1	0	0	1	False
PF00499.26	Oxidored_q3	0	2	0.000	1	1	0	0	1	False
PF18989.6	DUF5722	0	1	0.000	1	1	0	1	1	False
PF01933.24	CofD	0	1	0.000	1	1	0	1	1	False
PF05960.18	DUF885	0	2	0.000	1	1	0	1	1	False
PF01424.29	R3H	0	3	0.000	1	1	0	0	1	False
PF05159.21	Capsule_synth	0	1	0.000	1	1	0	1	1	False
PF04613.20	LpxD	0	1	0.000	1	1	0	0	1	False
PF14326.12	DUF4384	0	1	0.000	1	1	0	0	1	False
PF03616.20	Glt_symporter	0	1	0.000	1	1	0	1	1	False
PF20104.5	DUF6494	0	1	0.000	1	1	0	0	1	False
PF21269.4	TreT_GT1	0	1	0.000	1	1	0	1	1	False
PF14595.13	Thioredoxin_9	0	2	0.000	1	1	0	0	1	False
PF05547.18	Peptidase_M6	0	1	0.000	1	1	0	1	1	False
PF00834.26	Ribul_P_3_epim	0	2	0.000	1	1	0	0	1	False
PF22482.3	AsnC_trans_reg_3	0	1	0.000	1	1	0	0	1	False
PF14803.12	Zn_ribbon_Nudix	0	1	0.000	1	1	0	0	1	False
PF21135.3	DRL_cat	0	2	0.000	1	1	0	2	1	False
PF04997.18	RNA_pol_Rpb1_1	0	2	0.000	1	1	0	2	1	False
PF03934.20	T2SSK	0	1	0.000	1	1	0	1	1	False
PF13403.12	Hint_2	0	1	0.000	1	1	0	0	1	False
PF04246.19	RseC_MucC	0	1	0.000	1	1	0	0	1	False
PF05597.17	Phasin	0	2	0.000	1	1	0	0	1	False
PF04354.19	ZipA_C	0	1	0.000	1	1	0	0	1	False
PF03609.20	EII-Sor	0	1	0.000	1	1	0	0	1	False
PF13477.13	Glyco_trans_4_2	0	8	0.000	1	1	0	1	1	False
PF27436.2	RL10_C	0	4	0.000	1	1	0	0	1	False
PF02628.21	COX15-CtaA	0	2	0.000	1	1	0	0	1	False
PF04784.20	DUF547	0	1	0.000	1	1	0	0	1	False
PF02275.24	CBAH	0	1	0.000	1	1	0	0	1	False
PF16654.11	DAPDH_C	0	1	0.000	1	1	0	0	1	False
PF01957.26	NfeD	0	1	0.000	1	1	0	0	1	False
PF17657.7	DNA_pol3_finger	0	4	0.000	1	1	0	4	1	False
PF16270.12	DUF4923	0	1	0.000	1	1	0	0	1	False
PF23236.2	WHD_2nd_Lhr	0	2	0.000	1	1	0	2	1	False
PF06832.19	BiPBP_C	0	1	0.000	1	1	0	1	1	False
PF01112.24	Asparaginase_2	0	2	0.000	1	1	0	0	1	False
PF02654.22	CobS	0	2	0.000	1	1	0	1	1	False
PF14086.12	DUF4266	0	1	0.000	1	1	0	0	1	False
PF12344.15	UvrB	0	2	0.000	1	1	0	2	1	False
PF05975.18	EcsB	0	1	0.000	1	1	0	1	1	False
PF28211.1	GlpR	0	1	0.000	1	1	0	1	1	False
PF04248.21	NTP_transf_9	0	1	0.000	1	1	0	0	1	False
PF22588.2	dCache_1_like	0	1	0.000	1	1	0	1	1	False
PF10135.15	Rod-binding	0	1	0.000	1	1	0	0	1	False
PF18832.7	LPD18	0	1	0.000	1	1	0	0	1	False
PF00016.28	RuBisCO_large	0	1	0.000	1	1	0	1	1	False
PF27388.1	TP_0021_N	0	1	0.000	1	1	0	1	1	False
PF02669.21	KdpC	0	4	0.000	1	1	0	0	1	False
PF07994.19	NAD_binding_5	0	2	0.000	1	1	0	1	1	False
PF12623.13	Hen1_L	0	1	0.000	1	1	0	1	1	False
PF24568.2	CC_PcsB	0	3	0.000	1	1	0	2	1	False
PF12345.14	DUF3641	0	1	0.000	1	1	0	0	1	False
PF12670.13	DUF3792	0	1	0.000	1	1	0	0	1	False
PF11583.15	AurF	0	1	0.000	1	1	0	0	1	False
PF28752.1	WHD_RecQ_mid_bact	0	1	0.000	1	1	0	1	1	False
PF12900.14	Pyridox_ox_2	0	2	0.000	1	1	0	0	1	False
PF27104.1	FimW_N	0	1	0.000	1	1	0	1	1	False
PF18990.7	DUF5723	0	1	0.000	1	1	0	1	1	False
PF18202.8	TQ	0	1	0.000	1	1	0	0	1	False
PF05638.19	T6SS_HCP	0	1	0.000	1	1	0	0	1	False
PF14278.12	TetR_C_8	0	1	0.000	1	1	0	0	1	False
PF00311.24	PEPcase	0	1	0.000	1	1	0	1	1	False
PF03417.22	AAT	0	1	0.000	1	1	0	0	1	False
PF03712.21	Cu2_monoox_C	0	1	0.000	1	1	0	1	1	False
PF25919.1	BSH_CusB	0	2	0.000	1	1	0	2	1	False
PF00923.26	TAL_FSA	0	2	0.000	1	1	0	0	1	False
PF04655.21	APH_6_hur	0	1	0.000	1	1	0	0	1	False
PF03966.23	Trm112p	0	1	0.000	1	1	0	0	1	False
PF13271.13	DUF4062	0	2	0.000	1	1	0	0	1	False
PF12029.14	DUF3516	0	1	0.000	1	1	0	1	1	False
PF10087.15	DUF2325	0	1	0.000	1	1	0	0	1	False
PF29086.1	OB_PDCD11	0	1	0.000	1	1	0	1	1	False
PF18389.9	TrmO_C	0	1	0.000	1	1	0	0	1	False
PF01832.26	Glucosaminidase	0	1	0.000	1	1	0	0	1	False
PF13478.13	XdhC_C	0	1	0.000	1	1	0	0	1	False
PF03958.23	Secretin_N	0	3	0.000	1	1	0	2	1	False
PF01989.25	AcnX_swivel_put	0	1	0.000	1	1	0	0	1	False
PF12914.14	SH3_7	0	1	0.000	1	1	0	1	1	False
PF00687.27	Ribosomal_L1	0	3	0.000	1	1	0	0	1	False
PF00871.24	Acetate_kinase	0	4	0.000	1	1	0	1	1	False
PF13646.13	HEAT_2	0	6	0.000	1	1	0	3	1	False
PF08349.17	DUF1722	0	1	0.000	1	1	0	0	1	False
PF22020.3	RlmL_1st	0	2	0.000	1	1	0	0	1	False
PF08903.18	DUF1846	0	2	0.000	1	1	0	2	1	False
PF11975.14	Glyco_hydro_4C	0	1	0.000	1	1	0	1	1	False
PF00828.26	Ribosomal_L27A	0	2	0.000	1	1	0	0	1	False
PF00708.25	Acylphosphatase	0	2	0.000	1	1	0	0	1	False
PF04335.20	VirB8	0	2	0.000	1	1	0	0	1	False
PF02605.21	PsaL	0	1	0.000	1	1	0	0	1	False
PF13654.13	AAA_32	0	2	0.000	1	1	0	2	1	False
PF10009.16	DUF2252	0	2	0.000	1	1	0	2	1	False
PF17801.8	Melibiase_C	0	4	0.000	1	1	0	3	1	False
PF07043.19	DUF1328	0	2	0.000	1	1	0	0	1	False
PF09527.16	ATPase_gene1	0	2	0.000	1	1	0	0	1	False
PF06027.19	SLC35F	0	3	0.000	1	1	0	0	1	False
PF20161.6	VpsR	0	1	0.000	1	1	0	0	1	False
PF05833.17	NFACT_N	0	1	0.000	1	1	0	1	1	False
PF18537.7	CODH_A_N	0	1	0.000	1	1	0	1	1	False
PF00889.26	EF_TS	0	8	0.000	1	1	0	0	1	False
PF13801.12	Metal_resist	0	2	0.000	1	1	0	0	1	False
PF10635.15	DisA-linker	0	1	0.000	1	1	0	0	1	False
PF14890.12	Intein_splicing	0	2	0.000	1	1	0	2	1	False
PF13286.12	HD_assoc	0	2	0.000	1	1	0	0	1	False
PF07695.18	7TMR-DISM_7TM	0	3	0.000	1	1	0	3	1	False
PF31034.1	SatS_C	0	2	0.000	1	1	0	1	1	False
PF06078.18	DUF937	0	1	0.000	1	1	0	0	1	False
PF11695.16	DUF3291	0	1	0.000	1	1	0	0	1	False
PF08212.19	Lipocalin_2	0	1	0.000	1	1	0	0	1	False
PF10012.16	DUF2255	0	1	0.000	1	1	0	0	1	False
PF05199.20	GMC_oxred_C	0	4	0.000	1	1	0	3	1	False
PF17676.8	Peptidase_S66C	0	2	0.000	1	1	0	0	1	False
PF11860.14	Muramidase	0	1	0.000	1	1	0	0	1	False
PF17996.8	CE2_N	0	1	0.000	1	1	0	0	1	False
PF21846.2	DUF6905	0	1	0.000	1	1	0	0	1	False
PF04955.19	HupE_UreJ	0	1	0.000	1	1	0	0	1	False
PF05552.18	MS_channel_1st_1	0	2	0.000	1	1	0	1	1	False
PF07720.19	TPR_3	0	1	0.000	1	1	0	1	1	False
PF06998.17	DUF1307	0	1	0.000	1	1	0	0	1	False
PF16875.12	Glyco_hydro_36N	0	1	0.000	1	1	0	1	1	False
PF08936.16	CsoSCA_C	0	1	0.000	1	1	0	1	1	False
PF00177.28	Ribosomal_S7	0	1	0.000	1	1	0	0	1	False
PF01293.26	PEPCK_ATP	0	2	0.000	1	1	0	1	1	False
PF04958.20	AstA	0	1	0.000	1	1	0	0	1	False
PF02449.22	Glyco_hydro_42	0	6	0.000	1	1	0	5	1	False
PF00510.24	COX3	0	2	0.000	1	1	0	0	1	False
PF09990.15	DUF2231	0	1	0.000	1	1	0	0	1	False
PF09674.16	DUF2400	0	1	0.000	1	1	0	0	1	False
PF06738.19	ThrE	0	1	0.000	1	1	0	0	1	False
PF00882.25	Zn_dep_PLPC	0	1	0.000	1	1	0	0	1	False
PF07733.19	DNA_pol3_alpha	0	4	0.000	1	1	0	4	1	False
PF09962.15	DUF2196	0	1	0.000	1	1	0	0	1	False
PF00662.27	Proton_antipo_N	0	7	0.000	1	1	0	7	1	False
PF10691.15	DUF2497	0	1	0.000	1	1	0	0	1	False
PF09917.16	DUF2147	0	1	0.000	1	1	0	0	1	False
PF00394.29	Cu-oxidase	0	3	0.000	1	1	0	2	1	False
PF26689.1	FIDD	0	1	0.000	1	1	0	1	1	False
PF04390.18	LptE	0	1	0.000	1	1	0	0	1	False
PF06181.17	Urate_ox_N	0	1	0.000	1	1	0	1	1	False
PF22521.3	HypF_C_2	0	2	0.000	1	1	0	0	1	False
PF18931.6	DUF5680	0	1	0.000	1	1	0	0	1	False
PF19358.5	DUF5935	0	1	0.000	1	1	0	1	1	False
PF04168.18	Alpha-E	0	3	0.000	1	1	0	2	1	False
PF20112.5	DUF6502	0	1	0.000	1	1	0	0	1	False
PF06146.18	PsiE	0	1	0.000	1	1	0	0	1	False
PF13369.13	Transglut_core2	0	1	0.000	1	1	0	0	1	False
PF05258.18	DciA	0	1	0.000	1	1	0	0	1	False
PF12951.14	PATR	0	1	0.000	1	1	0	1	1	False
PF01139.23	RtcB	0	2	0.000	1	1	0	1	1	False
PF00481.27	PP2C	0	4	0.000	1	1	0	2	1	False
PF16137.11	DUF4845	0	1	0.000	1	1	0	0	1	False
PF18014.8	Acetyltransf_18	0	2	0.000	1	1	0	0	1	False
PF20254.4	DMFA2_C	0	1	0.000	1	1	0	1	1	False
PF03162.19	Y_phosphatase2	0	1	0.000	1	1	0	0	1	False
PF11292.15	DUF3093	0	1	0.000	1	1	0	0	1	False
PF02233.23	PNTB	0	3	0.000	1	1	0	3	1	False
PF28777.1	Pro_N_rel	0	1	0.000	1	1	0	1	1	False
PF12006.14	DUF3500	0	1	0.000	1	1	0	0	1	False
PF08379.16	Bact_transglu_N	0	1	0.000	1	1	0	0	1	False
PF18565.8	Glyco_hydro2_C5	0	1	0.000	1	1	0	1	1	False
PF01887.22	SAM_HAT_N	0	1	0.000	1	1	0	0	1	False
PF01654.23	Cyt_bd_oxida_I	0	5	0.000	1	1	0	5	1	False
PF27526.1	XylA2_C	0	2	0.000	1	1	0	2	1	False
PF01783.30	Ribosomal_L32p	0	4	0.000	1	1	0	0	1	False
PF13710.13	ACT_5	0	4	0.000	1	1	0	0	1	False
PF05872.19	HerA_C	0	1	0.000	1	1	0	1	1	False
PF03253.20	UT	0	1	0.000	1	1	0	0	1	False
PF08544.19	GHMP_kinases_C	0	5	0.000	1	1	0	0	1	False
PF10095.15	DUF2333	0	1	0.000	1	1	0	0	1	False
PF02464.24	CinA	0	3	0.000	1	1	0	1	1	False
PF10073.15	GapR_DNA-bd	0	1	0.000	1	1	0	0	1	False
PF31084.1	SDH_memb_Act	0	1	0.000	1	1	0	0	1	False
PF00444.24	Ribosomal_L36	0	1	0.000	1	1	0	0	1	False
PF01784.25	DUF34_NIF3	0	1	0.000	1	1	0	0	1	False
PF24346.2	CLIPPER_2	0	1	0.000	1	1	0	1	1	False
PF02056.23	Glyco_hydro_4	0	1	0.000	1	1	0	1	1	False
PF12970.14	DUF3858	0	1	0.000	1	1	0	1	1	False
PF18935.6	DUF5683	0	1	0.000	1	1	0	0	1	False
PF02896.25	PEP-utilizers_C	0	3	0.000	1	1	0	2	1	False
PF13585.13	CHU_C	0	8	0.000	1	1	0	8	1	False
PF05031.19	NEAT	0	1	0.000	1	1	0	0	1	False
PF00209.25	SNF	0	1	0.000	1	1	0	1	1	False
PF04995.20	CcmD	0	1	0.000	1	1	0	0	1	False
PF30630.1	DUF8680	0	1	0.000	1	1	0	0	1	False
PF13637.13	Ank_4	0	2	0.000	1	1	0	0	1	False
PF00467.36	KOW	0	6	0.000	1	1	0	0	1	False
PF23915.2	SusG_C	0	1	0.000	1	1	0	1	1	False
PF06778.19	Chlor_dismutase	0	1	0.000	1	1	0	0	1	False
PF26049.1	RLMG_N	0	1	0.000	1	1	0	0	1	False
PF20329.3	DUF6624	0	1	0.000	1	1	0	0	1	False
PF30808.1	DUF8746	0	2	0.000	1	1	0	0	1	False
PF27324.1	MjaV	0	1	0.000	1	1	0	0	1	False
PF01322.26	Cytochrom_C_2	0	1	0.000	1	1	0	0	1	False
PF09899.15	DUF2126	0	1	0.000	1	1	0	1	1	False
PF21078.3	GDH_HM3	0	1	0.000	1	1	0	1	1	False
PF07475.18	Hpr_kinase_C	0	1	0.000	1	1	0	0	1	False
PF10544.16	T5orf172	0	1	0.000	1	1	0	0	1	False
PF24254.2	DUF7455	0	1	0.000	1	1	0	0	1	False
PF04052.19	TolB_N	0	1	0.000	1	1	0	1	1	False
PF06055.18	ExoD	0	1	0.000	1	1	0	0	1	False
PF11604.16	CusF_Ec	0	1	0.000	1	1	0	0	1	False
PF22366.2	NDH2_C	0	2	0.000	1	1	0	2	1	False
PF01903.24	CbiX	0	1	0.000	1	1	0	0	1	False
PF15976.12	CooC_C	0	2	0.000	1	1	0	2	1	False
PF10086.15	YhfC	0	1	0.000	1	1	0	0	1	False
PF27431.1	UvrB_3rd	0	2	0.000	1	1	0	2	1	False
PF02104.21	SURF1	0	1	0.000	1	1	0	0	1	False
PF16288.13	DUF4934	0	1	0.000	1	1	0	1	1	False
PF04338.19	DUF481	0	1	0.000	1	1	0	0	1	False
PF18144.8	SMODS	0	1	0.000	1	1	0	0	1	False
PF30773.1	DUF8729	0	1	0.000	1	1	0	1	1	False
PF21368.4	AI2M-like_HNH	0	1	0.000	1	1	0	0	1	False
PF07586.17	HXXSHH	0	2	0.000	1	1	0	2	1	False
PF01812.28	5-FTHF_cyc-lig	0	2	0.000	1	1	0	0	1	False
PF13593.12	SBF_like	0	3	0.000	1	1	0	0	1	False
PF00338.28	Ribosomal_S10	0	3	0.000	1	1	0	0	1	False
PF25399.2	DeaD_dimer	0	1	0.000	1	1	0	1	1	False
PF17391.8	Urocanase_N	0	1	0.000	1	1	0	1	1	False
PF11927.15	HODM_asu-like	0	1	0.000	1	1	0	0	1	False
PF00346.25	Complex1_49kDa	0	4	0.000	1	1	0	2	1	False
PF00252.25	Ribosomal_L16	0	2	0.000	1	1	0	0	1	False
PF13803.13	DUF4184	0	1	0.000	1	1	0	0	1	False
PF29358.1	BamC-like_N	0	1	0.000	1	1	0	0	1	False
PF20437.4	LonC_helical	0	2	0.000	1	1	0	2	1	False
PF14710.12	Nitr_red_alph_N	0	1	0.000	1	1	0	0	1	False
PF01472.27	PUA	0	1	0.000	1	1	0	0	1	False
PF14349.12	SprA_N	0	1	0.000	1	1	0	1	1	False
PF16109.12	DUF4827	0	1	0.000	1	1	0	0	1	False
PF08909.17	DUF1854	0	1	0.000	1	1	0	0	1	False
PF20791.4	Acyl-ACP_TE_C	0	1	0.000	1	1	0	0	1	False
PF12019.14	GspH	0	2	0.000	1	1	0	0	1	False
PF11984.14	EpsI	0	1	0.000	1	1	0	0	1	False
PF18158.7	AidB_N	0	1	0.000	1	1	0	1	1	False
PF00237.25	Ribosomal_L22	0	1	0.000	1	1	0	0	1	False
PF20695.3	UbiD_N	0	2	0.000	1	1	0	1	1	False
PF14094.12	DUF4272	0	1	0.000	1	1	0	0	1	False
PF02588.22	YitT_membrane	0	2	0.000	1	1	0	0	1	False
PF05899.19	Cupin_3	0	1	0.000	1	1	0	0	1	False
PF08974.16	DUF1877	0	1	0.000	1	1	0	0	1	False
PF21839.3	DUF6898	0	1	0.000	1	1	0	0	1	False
PF01029.24	NusB	0	7	0.000	1	1	0	5	1	False
PF02108.22	FliH	0	1	0.000	1	1	0	0	1	False
PF10397.15	ADSL_C	0	3	0.000	1	1	0	2	1	False
PF16277.12	DUF4926	0	1	0.000	1	1	0	0	1	False
PF10423.16	AMNp_N	0	1	0.000	1	1	0	1	1	False
PF05107.18	Cas_Cas7	0	1	0.000	1	1	0	0	1	False
PF05426.19	Alginate_lyase	0	1	0.000	1	1	0	1	1	False
PF06966.18	DUF1295	0	2	0.000	1	1	0	0	1	False
PF14054.12	DUF4249	0	2	0.000	1	1	0	0	1	False
PF02237.24	BPL_C	0	1	0.000	1	1	0	0	1	False
PF11181.14	YflT	0	1	0.000	1	1	0	0	1	False
PF27434.2	LeuD_C	0	1	0.000	1	1	0	0	1	False
PF13305.12	TetR_C_33	0	2	0.000	1	1	0	0	1	False
PF02548.22	Pantoate_transf	0	4	0.000	1	1	0	0	1	False
PF13471.13	Transglut_core3	0	1	0.000	1	1	0	0	1	False
PF25994.1	HH_AprE	0	2	0.000	1	1	0	2	1	False
PF13721.12	SecD-TM1	0	1	0.000	1	1	0	1	1	False
PF07166.17	DUF1398	0	1	0.000	1	1	0	0	1	False
PF13468.13	Glyoxalase_3	0	3	0.000	1	1	0	0	1	False
PF06537.17	DHOR	0	1	0.000	1	1	0	0	1	False
PF13409.13	GST_N_2	0	8	0.000	1	1	0	0	1	False
PF00982.28	Glyco_transf_20	0	1	0.000	1	1	0	1	1	False
PF14707.12	Sulfatase_C	0	1	0.000	1	1	0	1	1	False
PF07521.18	RMMBL	0	4	0.000	1	1	0	4	1	False
PF00274.26	Glycolytic	0	1	0.000	1	1	0	0	1	False
PF11941.15	DUF3459	0	1	0.000	1	1	0	1	1	False
PF10662.16	PduV-EutP	0	3	0.000	1	1	0	1	1	False
PF03588.22	Leu_Phe_trans	0	1	0.000	1	1	0	0	1	False
PF30639.1	DUF8684	0	2	0.000	1	1	0	0	1	False
PF07209.18	DUF1415	0	1	0.000	1	1	0	0	1	False
PF08309.18	LVIVD	0	2	0.000	1	1	0	1	1	False
PF05154.22	TM2	0	3	0.000	1	1	0	0	1	False
PF06080.19	DUF938	0	1	0.000	1	1	0	0	1	False
PF09678.16	Caa3_CtaG	0	1	0.000	1	1	0	0	1	False
PF13303.12	PTS_EIIC_2	0	1	0.000	1	1	0	0	1	False
PF20696.3	UbiD_C	0	1	0.000	1	1	0	1	1	False
PF03861.20	ANTAR	0	1	0.000	1	1	0	0	1	False
PF13717.12	Zn_ribbon_4	0	1	0.000	1	1	0	1	1	False
PF02789.24	Peptidase_M17_N	0	1	0.000	1	1	0	1	1	False
PF01351.26	RNase_HII	0	5	0.000	1	1	0	0	1	False
PF31095.1	DUF5686_C	0	1	0.000	1	1	0	1	1	False
PF28887.1	PilO_N	0	1	0.000	1	1	0	0	1	False
PF14908.12	HU-CCDC81_euk_1	0	1	0.000	1	1	0	0	1	False
PF22617.2	HCS_D2	0	1	0.000	1	1	0	1	1	False
PF11356.15	T2SSC	0	1	0.000	1	1	0	0	1	False
PF23544.2	AtuA_ferredoxin	0	2	0.000	1	1	0	1	1	False
PF12229.14	PG_binding_4	0	2	0.000	1	1	0	1	1	False
PF08334.17	T2SSG	0	2	0.000	1	1	0	0	1	False
PF12669.13	FeoB_associated	0	1	0.000	1	1	0	0	1	False
PF22150.2	Tt1218-like	0	1	0.000	1	1	0	0	1	False
PF09706.16	Cas_CXXC_CXXC	0	1	0.000	1	1	0	1	1	False
PF06686.17	SpoIIIAC	0	1	0.000	1	1	0	0	1	False
PF28410.1	Diphthami_syn_2_C	0	1	0.000	1	1	0	0	1	False
PF07355.18	GRDB	0	1	0.000	1	1	0	0	1	False
PF12821.14	ThrE_2	0	1	0.000	1	1	0	0	1	False
PF00430.24	ATP-synt_B	0	3	0.000	1	1	0	0	1	False
PF20441.4	TerL_nuclease	0	1	0.000	1	1	0	1	1	False
PF05191.21	ADK_lid	0	2	0.000	1	1	0	0	1	False
PF17757.7	UvrB_inter	0	5	0.000	1	1	0	5	1	False
PF13488.12	Gly-zipper_Omp	0	1	0.000	1	1	0	0	1	False
PF26745.1	SPM	0	1	0.000	1	1	0	0	1	False
PF00887.25	ACBP	0	1	0.000	1	1	0	0	1	False
PF05023.21	Phytochelatin	0	1	0.000	1	1	0	0	1	False
PF16355.12	DUF4982	0	1	0.000	1	1	0	1	1	False
PF03388.22	Lectin_leg-like	0	1	0.000	1	1	0	1	1	False
PF03948.20	Ribosomal_L9_C	0	3	0.000	1	1	0	0	1	False
PF03142.22	Chitin_synth_2	0	1	0.000	1	1	0	0	1	False
PF14341.12	PilX_N	0	1	0.000	1	1	0	0	1	False
PF20388.4	DUF6683	0	1	0.000	1	1	0	0	1	False
PF05263.18	DUF722	0	2	0.000	1	1	0	0	1	False
PF09608.16	Alph_Pro_TM	0	1	0.000	1	1	0	0	1	False
PF01661.28	Macro	0	4	0.000	1	1	0	0	1	False
PF27444.1	GlnD_3rd	0	3	0.000	1	1	0	3	1	False
PF17450.9	Melibiase_2_C	0	1	0.000	1	1	0	1	1	False
PF01329.25	Pterin_4a	0	1	0.000	1	1	0	0	1	False
PF11862.14	DUF3382	0	1	0.000	1	1	0	1	1	False
PF13399.12	LytR_C	0	1	0.000	1	1	0	1	1	False
PF20658.3	MSG_insertion	0	1	0.000	1	1	0	1	1	False
PF18454.8	Mtd_N	0	1	0.000	1	1	0	0	1	False
PF08900.17	AcaB	0	1	0.000	1	1	0	0	1	False
PF08124.18	Lyase_8_N	0	1	0.000	1	1	0	1	1	False
PF04011.18	LemA	0	2	0.000	1	1	0	0	1	False
PF13410.12	GST_C_2	0	3	0.000	1	1	0	0	1	False
PF14191.13	YodL	0	1	0.000	1	1	0	0	1	False
PF01176.27	eIF-1a	0	3	0.000	1	1	0	0	1	False
PF00276.26	Ribosomal_L23	0	4	0.000	1	1	0	0	1	False
PF14524.13	Wzt_C	0	3	0.000	1	1	0	2	1	False
PF16287.12	DUF4933	0	1	0.000	1	1	0	1	1	False
PF06508.20	QueC	0	1	0.000	1	1	0	0	1	False
PF02112.22	PDEase_II	0	1	0.000	1	1	0	0	1	False
PF08645.18	PNK3P	0	1	0.000	1	1	0	0	1	False
PF09643.16	YopX	0	1	0.000	1	1	0	0	1	False
PF08360.16	TetR_C_5	0	1	0.000	1	1	0	0	1	False
PF13313.12	DUF4082	0	2	0.000	1	1	0	1	1	False
PF14198.12	TnpV	0	1	0.000	1	1	0	0	1	False
PF11306.16	DUF3108	0	2	0.000	1	1	0	0	1	False
PF07388.18	A-2_8-polyST	0	2	0.000	1	1	0	2	1	False
PF06125.18	DUF961	0	1	0.000	1	1	0	0	1	False
PF00825.25	Ribonuclease_P	0	4	0.000	1	1	0	0	1	False
PF21196.4	PcrA_UvrD_tudor	0	4	0.000	1	1	0	4	1	False
PF13501.13	SoxY	0	1	0.000	1	1	0	0	1	False
PF02261.23	Asp_decarbox	0	3	0.000	1	1	0	0	1	False
PF18462.8	DUF5612	0	1	0.000	1	1	0	0	1	False
PF27395.1	TP_0584_C	0	1	0.000	1	1	0	1	1	False
PF11752.15	DUF3309	0	1	0.000	1	1	0	0	1	False
PF14105.12	DUF4278	0	1	0.000	1	1	0	0	1	False
PF03900.21	Porphobil_deamC	0	2	0.000	1	1	0	0	1	False
PF27525.1	LAM55_pectate-like	0	1	0.000	1	1	0	1	1	False
PF13083.14	KH_KhpA-B	0	3	0.000	1	1	0	0	1	False
PF28774.1	DUF8457	0	1	0.000	1	1	0	0	1	False
PF00466.26	Ribosomal_L10	0	5	0.000	1	1	0	0	1	False
PF08291.17	Peptidase_M15_3	0	1	0.000	1	1	0	0	1	False
PF00295.24	Glyco_hydro_28	0	2	0.000	1	1	0	2	1	False
PF14109.12	GldH_lipo	0	1	0.000	1	1	0	0	1	False
PF03334.20	PhaG_MnhG_YufB	0	1	0.000	1	1	0	0	1	False
PF00290.27	Trp_syntA	0	2	0.000	1	1	0	0	1	False
PF29831.1	AstA_C	0	1	0.000	1	1	0	0	1	False
PF18297.7	NFACT-R_2	0	1	0.000	1	1	0	0	1	False
PF18761.8	Heliorhodopsin	0	1	0.000	1	1	0	0	1	False
PF30786.1	DUF8737	0	1	0.000	1	1	0	0	1	False
PF10763.16	DUF2584	0	1	0.000	1	1	0	0	1	False
PF01642.29	MM_CoA_mutase	0	5	0.000	1	1	0	4	1	False
PF02839.20	CBM_5_12	0	3	0.000	1	1	0	1	1	False
PF13453.12	Zn_ribbon_TFIIB	0	2	0.000	1	1	0	0	1	False
PF01493.26	GXGXG	0	1	0.000	1	1	0	1	1	False
PF19643.4	DUF6146	0	1	0.000	1	1	0	0	1	False
PF17769.8	PurK_C	0	1	0.000	1	1	0	0	1	False
PF27059.1	HTH_MmpR5	0	1	0.000	1	1	0	0	1	False
PF19842.6	YqeC	0	1	0.000	1	1	0	0	1	False
PF02656.21	DUF202	0	2	0.000	1	1	0	0	1	False
PF12766.14	Pyridox_oxase_2	0	3	0.000	1	1	0	0	1	False
PF20107.5	DUF6497	0	1	0.000	1	1	0	0	1	False
PF04358.20	DsrC	0	1	0.000	1	1	0	0	1	False
PF23494.2	bPH_10	0	1	0.000	1	1	0	0	1	False
PF06902.17	Fer4_19	0	1	0.000	1	1	0	0	1	False
PF06999.18	Suc_Fer-like	0	1	0.000	1	1	0	0	1	False
PF13204.14	Apiosidase	0	1	0.000	1	1	0	0	1	False
PF19742.5	DUF6231	0	1	0.000	1	1	0	0	1	False
PF00920.28	ILVD_EDD_N	0	5	0.000	1	1	0	4	1	False
PF20211.4	DUF6571	0	1	0.000	1	1	0	1	1	False
PF26137.1	Toxin_SdpC	0	1	0.000	1	1	0	0	1	False
PF04138.21	GtrA_DPMS_TM	0	2	0.000	1	1	0	0	1	False
PF03445.20	DUF294	0	1	0.000	1	1	0	1	1	False
PF21522.4	MreB-like_C	0	2	0.000	1	1	0	0	1	False
PF03611.20	EIIC-GAT	0	1	0.000	1	1	0	1	1	False
PF18472.9	HP1451_C	0	1	0.000	1	1	0	0	1	False
PF13787.12	HXXEE	0	1	0.000	1	1	0	0	1	False
PF12741.14	SusD-like	0	1	0.000	1	1	0	1	1	False
PF10741.15	T2SSM_b	0	1	0.000	1	1	0	0	1	False
PF01959.22	DHQS	0	1	0.000	1	1	0	0	1	False
PF07812.19	TfuA	0	1	0.000	1	1	0	0	1	False
PF09721.16	Exosortase_EpsH	0	1	0.000	1	1	0	1	1	False
PF11999.14	Ice_binding	0	1	0.000	1	1	0	1	1	False
PF12915.14	DUF3833	0	1	0.000	1	1	0	0	1	False
PF16220.11	DUF4880	0	1	0.000	1	1	0	0	1	False
PF29216.1	Spiro_tudor_C	0	1	0.000	1	1	0	1	1	False
PF20803.3	PaaX_M	0	1	0.000	1	1	0	0	1	False
PF14255.12	Zn_ribbon_21	0	1	0.000	1	1	0	0	1	False
PF21623.4	HK_sensor_dom_bact	0	1	0.000	1	1	0	1	1	False
PF05940.18	NnrS	0	1	0.000	1	1	0	0	1	False
PF17829.8	GH115_C	0	1	0.000	1	1	0	0	1	False
PF03851.22	UvdE	0	1	0.000	1	1	0	0	1	False
PF21320.4	WHD_Rv2258c	0	1	0.000	1	1	0	0	1	False
PF00673.27	Ribosomal_L5_C	0	1	0.000	1	1	0	0	1	False
PF00831.29	Ribosomal_L29	0	3	0.000	1	1	0	0	1	False
PF16387.12	DUF4996	0	1	0.000	1	1	0	0	1	False
PF10050.15	DUF2284	0	1	0.000	1	1	0	0	1	False
PF17210.10	SdrD_B	0	2	0.000	1	1	0	1	1	False
PF02277.23	DBI_PRT	0	4	0.000	1	1	0	1	1	False
PF20072.5	DUF6468	0	1	0.000	1	1	0	0	1	False
PF04983.24	RNA_pol_Rpb1_3	0	2	0.000	1	1	0	2	1	False
PF22359.3	Big-like	0	2	0.000	1	1	0	2	1	False
PF00115.26	COX1	0	3	0.000	1	1	0	3	1	False
PF12276.14	DUF3617	0	1	0.000	1	1	0	0	1	False
PF18884.6	TSP3_bac	0	4	0.000	1	1	0	4	1	False
PF13597.12	NRDD	0	2	0.000	1	1	0	2	1	False
PF07788.18	PDDEXK_10	0	1	0.000	1	1	0	0	1	False
PF02493.27	MORN	0	1	0.000	1	1	0	1	1	False
PF07886.17	BA14K	0	1	0.000	1	1	0	0	1	False
PF01944.23	SpoIIM	0	2	0.000	1	1	0	0	1	False
PF05425.19	CopD	0	1	0.000	1	1	0	0	1	False
PF11990.14	DUF3487	0	1	0.000	1	1	0	0	1	False
PF12843.13	QSregVF_b	0	1	0.000	1	1	0	0	1	False
PF08359.17	TetR_C_4	0	1	0.000	1	1	0	0	1	False
PF01348.27	Intron_maturas2	0	1	0.000	1	1	0	0	1	False
PF06528.18	Phage_P2_GpE	0	1	0.000	1	1	0	0	1	False
PF11748.14	DUF3306	0	1	0.000	1	1	0	0	1	False
PF06156.19	YabA	0	1	0.000	1	1	0	0	1	False
PF03824.23	NicO	0	1	0.000	1	1	0	0	1	False
PF07680.17	DoxA	0	1	0.000	1	1	0	0	1	False
PF24894.2	Hexapep_GlmU	0	2	0.000	1	1	0	2	1	False
PF07024.19	ImpE	0	1	0.000	1	1	0	0	1	False
PF14579.13	HHH_6	0	4	0.000	1	1	0	4	1	False
PF22128.3	Alp7A_like_C	0	2	0.000	1	1	0	0	1	False
PF05853.19	BKACE	0	2	0.000	1	1	0	0	1	False
PF09834.15	DUF2061	0	1	0.000	1	1	0	0	1	False
PF09842.15	DUF2069	0	2	0.000	1	1	0	0	1	False
PF03717.22	PBP_dimer	0	7	0.000	1	1	0	7	1	False
PF07661.20	MORN_2	0	2	0.000	1	1	0	1	1	False
PF14041.12	Lipoprotein_21	0	1	0.000	1	1	0	0	1	False
PF05168.20	HEPN	0	1	0.000	1	1	0	0	1	False
PF13263.13	PHP_C	0	1	0.000	1	1	0	0	1	False
PF02652.22	Lactate_perm	0	4	0.000	1	1	0	4	1	False
PF01169.26	GDT1	0	1	0.000	1	1	0	0	1	False
PF01809.25	YidD	0	2	0.000	1	1	0	0	1	False
PF00375.24	SDF	0	3	0.000	1	1	0	3	1	False
PF18174.7	HU-CCDC81_bac_1	0	1	0.000	1	1	0	0	1	False
PF29878.1	CdiI_serr	0	1	0.000	1	1	0	0	1	False
PF07940.19	Hepar_II_III_C	0	3	0.000	1	1	0	3	1	False
PF06073.18	DUF934	0	1	0.000	1	1	0	0	1	False
PF01578.27	Cytochrom_C_asm	0	9	0.000	1	1	0	6	1	False
PF13512.13	TPR_18	0	1	0.000	1	1	0	0	1	False
PF02794.24	HlyC	0	1	0.000	1	1	0	0	1	False
PF12644.13	DUF3782	0	2	0.000	1	1	0	0	1	False
PF13795.14	HupE_UreJ_2	0	3	0.000	1	1	0	1	1	False
PF00741.24	Gas_vesicle	0	2	0.000	1	1	0	0	1	False
PF17124.12	ThiJ_like	0	1	0.000	1	1	0	0	1	False
PF30275.1	GH16_PorA-D	0	1	0.000	1	1	0	1	1	False
PF17848.8	Zn_ribbon_ACC	0	2	0.000	1	1	0	0	1	False
PF06283.18	ThuA	0	3	0.000	1	1	0	1	1	False
PF22151.3	Fer4_NDSU1	0	1	0.000	1	1	0	1	1	False
PF10049.15	DUF2283	0	1	0.000	1	1	0	0	1	False
PF10014.16	2OG-Fe_Oxy_2	0	2	0.000	1	1	0	0	1	False
PF19668.5	DUF6171	0	1	0.000	1	1	0	0	1	False
PF30792.1	T2SSE_N	0	1	0.000	1	1	0	1	1	False
PF01514.25	YscJ_FliF	0	2	0.000	1	1	0	2	1	False
PF03658.22	Ub-RnfH	0	1	0.000	1	1	0	0	1	False
PF02632.21	BioY	0	2	0.000	1	1	0	0	1	False
PF11898.14	DUF3418	0	2	0.000	1	1	0	2	1	False
PF18693.8	TRAM_2	0	1	0.000	1	1	0	1	1	False
PF18883.7	AC_1	0	1	0.000	1	1	0	1	1	False
PF11322.14	DUF3124	0	1	0.000	1	1	0	0	1	False
PF04015.18	DUF362	0	5	0.000	1	1	0	2	1	False
PF20129.5	DUF6519	0	1	0.000	1	1	0	1	1	False
PF11066.15	DUF2867	0	4	0.000	1	1	0	3	1	False
PF02690.21	Na_Pi_cotrans	0	3	0.000	1	1	0	2	1	False
PF03779.22	SPW	0	1	0.000	1	1	0	0	1	False
PF29372.1	DinD_C	0	2	0.000	1	1	0	0	1	False
PF18085.7	Mak_N_cap	0	1	0.000	1	1	0	1	1	False
PF07662.19	Nucleos_tra2_C	0	2	0.000	1	1	0	1	1	False
PF00684.26	DnaJ_CXXCXGXG	0	4	0.000	1	1	0	0	1	False
PF07005.17	SBD_N	0	1	0.000	1	1	0	1	1	False
PF09754.16	PAC2	0	2	0.000	1	1	0	0	1	False
PF01899.22	MNHE	0	1	0.000	1	1	0	0	1	False
PF07791.17	Imm11	0	1	0.000	1	1	0	0	1	False
PF14276.12	DUF4363	0	1	0.000	1	1	0	0	1	False
PF24931.2	ACT_ACR9_3rd	0	1	0.000	1	1	0	1	1	False
PF01052.26	FliMN_C	0	3	0.000	1	1	0	0	1	False
PF22847.4	Glyco_hydro_43_rel	0	1	0.000	1	1	0	1	1	False
PF16745.12	RsgA_N	0	1	0.000	1	1	0	0	1	False
PF00732.26	GMC_oxred_N	0	3	0.000	1	1	0	3	1	False
PF19293.5	CdaA_N	0	3	0.000	1	1	0	0	1	False
PF14572.13	Pribosyl_synth	0	3	0.000	1	1	0	0	1	False
PF12790.14	T6SS-SciN	0	1	0.000	1	1	0	0	1	False
PF05922.22	Inhibitor_I9	0	2	0.000	1	1	0	1	1	False
PF30712.1	YvlB_C	0	1	0.000	1	1	0	0	1	False
PF03687.21	UPF0164	0	1	0.000	1	1	0	0	1	False
PF03067.22	LPMO_10	0	2	0.000	1	1	0	0	1	False
PF17933.7	TetR_C_25	0	1	0.000	1	1	0	0	1	False
PF25509.2	DUF7916	0	1	0.000	1	1	0	0	1	False
PF16126.12	DUF4838	0	1	0.000	1	1	0	1	1	False
PF09359.16	VTC	0	2	0.000	1	1	0	0	1	False
PF20687.3	CsoSCA_N	0	1	0.000	1	1	0	1	1	False
PF03270.19	DUF269	0	1	0.000	1	1	0	0	1	False
PF04070.18	DUF378	0	1	0.000	1	1	0	0	1	False
PF21742.3	DUF6868	0	1	0.000	1	1	0	0	1	False
PF20239.4	DUF6596	0	1	0.000	1	1	0	1	1	False
PF03972.20	MmgE_PrpD_N	0	2	0.000	1	1	0	2	1	False
PF13452.12	FAS1_DH_region	0	6	0.000	1	1	0	2	1	False
PF10719.15	ComFB	0	1	0.000	1	1	0	0	1	False
PF11932.14	DUF3450	0	1	0.000	1	1	0	0	1	False
PF14397.12	ATPgrasp_ST	0	1	0.000	1	1	0	1	1	False
PF10294.16	Methyltransf_16	0	1	0.000	1	1	0	0	1	False
PF10017.16	Methyltransf_33	0	2	0.000	1	1	0	0	1	False
PF28728.1	Topo_CTD_bact	0	1	0.000	1	1	0	1	1	False
PF10369.16	ALS_ss_C	0	3	0.000	1	1	0	0	1	False
PF00061.30	Lipocalin	0	1	0.000	1	1	0	0	1	False
PF20648.3	DUF6809	0	1	0.000	1	1	0	0	1	False
PF21305.3	type_II_gspD_N0	0	1	0.000	1	1	0	1	1	False
PF09360.16	zf-CDGSH	0	2	0.000	1	1	0	0	1	False
PF11477.15	PM0188	0	1	0.000	1	1	0	1	1	False
PF19306.6	WHD_Lhr	0	3	0.000	1	1	0	3	1	False
PF22817.3	ApeP-like	0	5	0.000	1	1	0	1	1	False
PF01739.25	CheR	0	5	0.000	1	1	0	2	1	False
PF01032.24	FecCD	0	5	0.000	1	1	0	0	1	False
PF03884.21	YacG	0	1	0.000	1	1	0	0	1	False
PF21607.3	FabD_helical_ins	0	1	0.000	1	1	0	1	1	False
PF20511.5	PMI_typeI_cat	0	1	0.000	1	1	0	0	1	False
PF15714.12	SpoVT_C	0	1	0.000	1	1	0	0	1	False
PF19029.6	DUF883_C	0	1	0.000	1	1	0	0	1	False
PF13466.13	STAS_2	0	11	0.000	1	1	0	0	1	False
PF20337.3	DUF6632	0	1	0.000	1	1	0	0	1	False
PF09349.16	OHCU_decarbox	0	2	0.000	1	1	0	1	1	False
PF19571.6	ACT_8	0	1	0.000	1	1	0	0	1	False
PF03799.21	FtsQ_DivIB_C	0	1	0.000	1	1	0	0	1	False
PF00731.27	AIRC	0	3	0.000	1	1	0	0	1	False
PF01951.22	Archease	0	2	0.000	1	1	0	0	1	False
PF00950.23	ABC-3	0	2	0.000	1	1	0	0	1	False
PF04170.19	NlpE	0	1	0.000	1	1	0	0	1	False
PF04577.20	Glyco_transf_61	0	1	0.000	1	1	0	0	1	False
PF21010.3	HA2_C	0	2	0.000	1	1	0	2	1	False
PF06974.19	WS_DGAT_C	0	1	0.000	1	1	0	1	1	False
PF11199.14	DUF2891	0	1	0.000	1	1	0	0	1	False
PF14805.12	THDPS_N_2	0	2	0.000	1	1	0	0	1	False
PF18032.7	FRP	0	1	0.000	1	1	0	0	1	False
PF05232.18	BTP	0	1	0.000	1	1	0	0	1	False
PF13201.13	PCMD	0	1	0.000	1	1	0	1	1	False
PF19821.6	Phage_capsid_2	0	1	0.000	1	1	0	0	1	False
PF01025.25	GrpE	0	6	0.000	1	1	0	0	1	False
PF00206.26	Lyase_1	0	7	0.000	1	1	0	6	1	False
PF03707.22	MHYT	0	1	0.000	1	1	0	1	1	False
PF13938.12	DUF4213	0	1	0.000	1	1	0	0	1	False
PF07210.19	DUF1416	0	1	0.000	1	1	0	0	1	False
PF02606.21	LpxK	0	3	0.000	1	1	0	0	1	False
PF00463.28	ICL	0	2	0.000	1	1	0	2	1	False
PF15975.11	Flot	0	2	0.000	1	1	0	2	1	False
PF04965.20	GPW_gp25	0	2	0.000	1	1	0	0	1	False
PF00848.26	Ring_hydroxyl_A	0	2	0.000	1	1	0	2	1	False
PF13711.12	DUF4160	0	1	0.000	1	1	0	0	1	False
PF00080.26	Sod_Cu	0	2	0.000	1	1	0	0	1	False
PF00263.27	Secretin	0	2	0.000	1	1	0	2	1	False
PF02952.24	Fucose_iso_C	0	1	0.000	1	1	0	1	1	False
PF10125.15	NADHdeh_related	0	1	0.000	1	1	0	1	1	False
PF02884.23	Lyase_8_C	0	1	0.000	1	1	0	1	1	False
PF20436.5	LonB_AAA-LID	0	2	0.000	1	1	0	2	1	False
PF18053.7	GyrB_insert	0	1	0.000	1	1	0	1	1	False
PF04350.20	PilO	0	1	0.000	1	1	0	0	1	False
PF05331.18	DUF742	0	1	0.000	1	1	0	0	1	False
PF20190.5	DUF6553	0	1	0.000	1	1	0	0	1	False
PF17131.12	TP_0789-like	0	1	0.000	1	1	0	1	1	False
PF10025.15	DUF2267	0	1	0.000	1	1	0	0	1	False
PF01937.25	ARMT1-like_dom	0	1	0.000	1	1	0	0	1	False
PF00411.25	Ribosomal_S11	0	3	0.000	1	1	0	0	1	False
PF17954.8	Pirin_C_2	0	2	0.000	1	1	0	0	1	False
PF03331.20	LpxC	0	2	0.000	1	1	0	1	1	False
PF09476.16	Pilus_CpaD	0	2	0.000	1	1	0	0	1	False
PF17200.11	sCache_2	0	1	0.000	1	1	0	1	1	False
PF04443.18	LuxE	0	2	0.000	1	1	0	0	1	False
PF07836.17	DmpG_comm	0	1	0.000	1	1	0	0	1	False
PF13318.12	AtzG-like	0	1	0.000	1	1	0	0	1	False
PF00573.28	Ribosomal_L4	0	4	0.000	1	1	0	0	1	False
PF02028.25	BCCT	0	3	0.000	1	1	0	2	1	False
PF08269.18	dCache_2	0	1	0.000	1	1	0	1	1	False
PF05071.22	NDUFA12	0	2	0.000	1	1	0	0	1	False
PF01345.25	CLIPPER	0	3	0.000	1	1	0	3	1	False
PF13036.12	LpoB	0	1	0.000	1	1	0	1	1	False
PF02255.22	PTS_IIA	0	1	0.000	1	1	0	0	1	False
PF21741.3	DUF6867	0	1	0.000	1	1	0	0	1	False
PF09900.15	DUF2127	0	1	0.000	1	1	0	0	1	False
PF05227.20	CHASE3	0	2	0.000	1	1	0	1	1	False
PF26918.1	Ig_Eae	0	1	0.000	1	1	0	1	1	False
PF02837.25	Glyco_hydro_2_N	0	6	0.000	1	1	0	5	1	False
PF03354.22	TerL_ATPase	0	1	0.000	1	1	0	1	1	False
PF06103.17	DUF948	0	1	0.000	1	1	0	0	1	False
PF26978.2	TM-like_N	0	1	0.000	1	1	0	0	1	False
PF25247.2	LbH_GLGC	0	1	0.000	1	1	0	1	1	False
PF12399.15	BCA_ABC_TP_C	0	5	0.000	1	1	0	1	1	False
PF02943.22	FeThRed_B	0	2	0.000	1	1	0	0	1	False
PF05971.19	Methyltransf_10	0	1	0.000	1	1	0	0	1	False
PF02617.23	ClpS	0	4	0.000	1	1	0	0	1	False
PF01248.32	Ribosomal_L7Ae	0	1	0.000	1	1	0	0	1	False
PF07922.18	Glyco_transf_52	0	1	0.000	1	1	0	0	1	False
PF06018.21	CodY	0	1	0.000	1	1	0	0	1	False
PF28544.1	Helical_needle	0	1	0.000	1	1	0	0	1	False
PF20207.5	PedC-like	0	1	0.000	1	1	0	0	1	False
PF14134.12	DUF4301	0	1	0.000	1	1	0	1	1	False
PF05834.19	Lycopene_cycl	0	1	0.000	1	1	0	0	1	False
PF10994.14	DUF2817	0	1	0.000	1	1	0	0	1	False
PF04408.30	WHD_HA2	0	2	0.000	1	1	0	2	1	False
PF08222.18	HTH_CodY	0	1	0.000	1	1	0	0	1	False
PF19288.5	CofH_C	0	1	0.000	1	1	0	0	1	False
PF01722.24	BolA	0	2	0.000	1	1	0	0	1	False
PF02566.25	OsmC	0	6	0.000	1	1	0	0	1	False
PF01156.25	IU_nuc_hydro	0	5	0.000	1	1	0	0	1	False
PF03598.21	CdhC	0	2	0.000	1	1	0	1	1	False
PF29285.1	YphG_2nd	0	1	0.000	1	1	0	1	1	False
PF05209.19	MinC_N	0	1	0.000	1	1	0	0	1	False
PF11791.15	Aconitase_B_N	0	2	0.000	1	1	0	2	1	False
PF00268.28	Ribonuc_red_sm	0	4	0.000	1	1	0	2	1	False
PF02119.22	FlgI	0	1	0.000	1	1	0	0	1	False
PF19858.5	OxRdtase_C	0	1	0.000	1	1	0	0	1	False
PF26965.1	MimR_N	0	1	0.000	1	1	0	1	1	False
PF30649.1	ABC1_C	0	2	0.000	1	1	0	2	1	False
PF17668.8	Acetyltransf_17	0	1	0.000	1	1	0	1	1	False
PF09557.16	DUF2382	0	1	0.000	1	1	0	0	1	False
PF00238.25	Ribosomal_L14	0	3	0.000	1	1	0	0	1	False
PF17792.7	ThiD2	0	1	0.000	1	1	0	0	1	False
PF07301.17	DUF1453	0	1	0.000	1	1	0	0	1	False
PF19480.6	DUF6016	0	1	0.000	1	1	0	0	1	False
PF26558.1	DHQS_2nd	0	1	0.000	1	1	0	0	1	False
PF08496.16	Peptidase_S49_N	0	2	0.000	1	1	0	0	1	False
PF29670.1	TP_0584_N	0	1	0.000	1	1	0	1	1	False
PF09348.16	DUF1990	0	1	0.000	1	1	0	0	1	False
PF02445.22	NadA	0	3	0.000	1	1	0	0	1	False
PF05076.19	SUFU	0	1	0.000	1	1	0	0	1	False
PF01513.27	NAD_kinase	0	1	0.000	1	1	0	0	1	False
PF18138.7	bacHORMA_1	0	1	0.000	1	1	0	0	1	False
PF15980.11	ComGF	0	1	0.000	1	1	0	0	1	False
PF09142.18	TruB_C	0	2	0.000	1	1	0	0	1	False
PF24850.2	CC_BshC	0	1	0.000	1	1	0	1	1	False
PF10651.16	BppU_N	0	1	0.000	1	1	0	0	1	False
PF20001.6	DUF6428	0	2	0.000	1	1	0	0	1	False
PF06265.17	YutD-like	0	1	0.000	1	1	0	0	1	False
PF13485.12	Peptidase_MA_2	0	1	0.000	1	1	0	1	1	False
PF00815.26	Histidinol_dh	0	5	0.000	1	1	0	4	1	False
PF00292.25	PAX	0	1	0.000	1	1	0	0	1	False
PF20530.4	DUF6745	0	1	0.000	1	1	0	0	1	False
PF02834.23	LigT_PEase	0	1	0.000	1	1	0	0	1	False
PF10084.15	DUF2322	0	1	0.000	1	1	0	0	1	False
PF00327.26	Ribosomal_L30	0	4	0.000	1	1	0	0	1	False
PF01339.23	CheB_methylest	0	3	0.000	1	1	0	1	1	False
PF03811.18	Zn_ribbon_InsA	0	1	0.000	1	1	0	0	1	False
PF03946.20	Ribosomal_L11_N	0	2	0.000	1	1	0	0	1	False
PF04945.20	YHS	0	1	0.000	1	1	0	1	1	False
PF16785.11	SMBP	0	1	0.000	1	1	0	0	1	False
PF06514.18	PsbU	0	1	0.000	1	1	0	0	1	False
PF00460.26	Flg_bb_rod	0	4	0.000	1	1	0	3	1	False
PF09378.17	HAS-barrel	0	1	0.000	1	1	0	1	1	False
PF06081.18	ArAE_1	0	1	0.000	1	1	0	0	1	False
PF03143.24	GTP_EFTU_D3	0	1	0.000	1	1	0	0	1	False
PF01327.27	Pep_deformylase	0	3	0.000	1	1	0	0	1	False
PF08886.17	GshA	0	1	0.000	1	1	0	1	1	False
PF14639.12	YqgF	0	1	0.000	1	1	0	1	1	False
PF01575.26	MaoC_dehydratas	0	5	0.000	1	1	0	1	1	False
PF01276.27	OKR_DC_1	0	3	0.000	1	1	0	3	1	False
PF29242.1	DUF8525	0	1	0.000	1	1	0	1	1	False
PF16881.11	LIAS_N	0	2	0.000	1	1	0	0	1	False
PF08335.17	GlnD_UR_UTase	0	4	0.000	1	1	0	4	1	False
PF28107.1	SitI3	0	1	0.000	1	1	0	0	1	False
PF25990.1	Beta-barrel_YknX	0	2	0.000	1	1	0	2	1	False
PF11997.15	DUF3492	0	1	0.000	1	1	0	1	1	False
PF01764.32	Lipase_3	0	1	0.000	1	1	0	1	1	False
PF13344.13	Hydrolase_6	0	1	0.000	1	1	0	0	1	False
PF22691.3	Thiolase_C_1	0	1	0.000	1	1	0	0	1	False
PF08859.17	DGC	0	1	0.000	1	1	0	0	1	False
PF04298.19	Zn_peptidase_2	0	1	0.000	1	1	0	0	1	False
PF07395.18	Mig-14	0	1	0.000	1	1	0	0	1	False
PF22629.3	ACT_AHAS_ss	0	6	0.000	1	1	0	2	1	False
PF02909.23	TetR_C_1	0	2	0.000	1	1	0	0	1	False
PF20795.5	DUF6841	0	1	0.000	1	1	0	0	1	False
PF20560.4	MotA_N	0	2	0.000	1	1	0	0	1	False
PF18267.8	Rubredoxin_C	0	1	0.000	1	1	0	1	1	False
PF28494.1	GlyRS_ins_1	0	1	0.000	1	1	0	1	1	False
PF06733.22	DEAD_2	0	1	0.000	1	1	0	1	1	False
PF11382.14	MctB	0	1	0.000	1	1	0	0	1	False
PF22638.2	FlgK_D1	0	3	0.000	1	1	0	3	1	False
PF19778.6	RE_endonuc	0	2	0.000	1	1	0	2	1	False
PF20208.4	ARPP-1	0	1	0.000	1	1	0	1	1	False
PF06029.18	AlkA_N	0	1	0.000	1	1	0	1	1	False
PF09821.15	AAA_assoc_C	0	1	0.000	1	1	0	0	1	False
PF08908.17	MesX	0	1	0.000	1	1	0	0	1	False
PF02154.22	FliM	0	3	0.000	1	1	0	0	1	False
PF06108.19	DUF952	0	1	0.000	1	1	0	0	1	False
PF30643.1	ASCH_2	0	1	0.000	1	1	0	0	1	False
PF28542.1	DUF8434	0	1	0.000	1	1	0	0	1	False
PF07660.20	STN	0	1	0.000	1	1	0	1	1	False
PF22704.3	CBM13-like	0	1	0.000	1	1	0	1	1	False
PF07345.17	ATPaseInh_sub_z	0	1	0.000	1	1	0	0	1	False
PF13793.13	Pribosyltran_N	0	4	0.000	1	1	0	0	1	False
PF02504.21	FA_synthesis	0	3	0.000	1	1	0	0	1	False
PF10415.15	FumaraseC_C	0	1	0.000	1	1	0	1	1	False
PF18335.8	SH3_13	0	1	0.000	1	1	0	1	1	False
PF26956.1	ACT_ACR_D1	0	1	0.000	1	1	0	1	1	False
PF03816.21	LytR_cpsA_psr	0	2	0.000	1	1	0	1	1	False
PF28010.1	MksB	0	1	0.000	1	1	0	1	1	False
PF22086.2	DUF6940	0	1	0.000	1	1	0	0	1	False
PF04751.21	DarP	0	1	0.000	1	1	0	0	1	False
PF06925.18	MGDG_synth	0	1	0.000	1	1	0	0	1	False
PF01541.31	GIY-YIG	0	6	0.000	1	1	0	1	1	False
PF03065.21	Glyco_hydro_57	0	2	0.000	1	1	0	1	1	False
PF07452.18	CHRD	0	2	0.000	1	1	0	0	1	False
PF03775.24	MinC_C	0	1	0.000	1	1	0	0	1	False
PF16983.12	MFS_MOT1	0	1	0.000	1	1	0	0	1	False
PF21089.4	PKS_DH_N	0	1	0.000	1	1	0	0	1	False
PF16525.11	MHB	0	1	0.000	1	1	0	0	1	False
PF16967.12	TcfC	0	2	0.000	1	1	0	2	1	False
PF17115.13	Toast_rack_N	0	1	0.000	1	1	0	0	1	False
PF04016.19	DUF364	0	1	0.000	1	1	0	0	1	False
PF13653.13	GDPD_2	0	1	0.000	1	1	0	0	1	False
PF00042.29	Globin	0	1	0.000	1	1	0	0	1	False
PF04296.19	YlxR	0	5	0.000	1	1	0	0	1	False
PF13539.12	Peptidase_M15_4	0	1	0.000	1	1	0	1	1	False
PF12702.14	Lipocalin_3	0	1	0.000	1	1	0	0	1	False
PF23571.2	GH3_M	0	2	0.000	1	1	0	2	1	False
PF19305.5	MmgE_PrpD_C	0	2	0.000	1	1	0	2	1	False
PF10022.16	BcGHD	0	1	0.000	1	1	0	1	1	False
PF08906.17	T6SS_Tdi1_C	0	2	0.000	1	1	0	0	1	False
PF28795.1	DUF8462	0	1	0.000	1	1	0	0	1	False
PF12544.14	LAM_C	0	1	0.000	1	1	0	1	1	False
PF20686.3	CsoSCA_cat	0	1	0.000	1	1	0	1	1	False
PF17939.7	TetR_C_30	0	1	0.000	1	1	0	0	1	False
PF14535.13	AMP-binding_C_2	0	3	0.000	1	1	0	3	1	False
PF04074.19	DUF386	0	2	0.000	1	1	0	0	1	False
PF02938.20	GAD	0	6	0.000	1	1	0	6	1	False
PF10676.15	gerPA	0	1	0.000	1	1	0	0	1	False
PF13230.12	GATase_4	0	2	0.000	1	1	0	0	1	False
PF11981.14	DUF3482	0	1	0.000	1	1	0	1	1	False
PF04536.21	TPM_phosphatase	0	4	0.000	1	1	0	0	1	False
PF14195.12	DUF4316	0	1	0.000	1	1	0	0	1	False
PF19834.5	DUF6314	0	1	0.000	1	1	0	0	1	False
PF19661.5	DUF6164	0	1	0.000	1	1	0	0	1	False
PF07907.18	YibE_F	0	1	0.000	1	1	0	0	1	False
PF05639.17	Pup	0	2	0.000	1	1	0	0	1	False
PF28310.1	PID_CTERM	0	1	0.000	1	1	0	0	1	False
PF01706.22	FliG_C	0	2	0.000	1	1	0	0	1	False
PF12647.13	RNHCP	0	1	0.000	1	1	0	0	1	False
PF00793.27	DAHP_synth_1	0	3	0.000	1	1	0	0	1	False
PF00230.26	MIP	0	1	0.000	1	1	0	0	1	False
PF00350.30	Dynamin_N	0	1	0.000	1	1	0	1	1	False
PF00141.29	peroxidase	0	2	0.000	1	1	0	2	1	False
PF10996.15	Beta-Casp	0	3	0.000	1	1	0	3	1	False
PF17164.11	DUF5122	0	2	0.000	1	1	0	2	1	False
PF11003.14	DUF2842	0	1	0.000	1	1	0	0	1	False
PF04244.20	DPRP	0	1	0.000	1	1	0	1	1	False
PF00893.26	Multi_Drug_Res	0	2	0.000	1	1	0	0	1	False
PF08013.18	GatZ_KbaZ-like	0	1	0.000	1	1	0	1	1	False
PF10106.15	DUF2345	0	1	0.000	1	1	0	0	1	False
PF17136.11	ribosomal_L24	0	5	0.000	1	1	0	0	1	False
PF17932.7	TetR_C_24	0	2	0.000	1	1	0	0	1	False
PF11251.15	HamA_HO-like	0	1	0.000	1	1	0	0	1	False
PF02130.25	YbeY	0	2	0.000	1	1	0	0	1	False
PF00842.28	Ala_racemase_C	0	2	0.000	1	1	0	0	1	False
PF12732.13	YtxH	0	1	0.000	1	1	0	0	1	False
PF31049.1	MiaB_C	0	1	0.000	1	1	0	0	1	False
PF01773.26	Nucleos_tra2_N	0	2	0.000	1	1	0	1	1	False
PF25881.1	HH_YBHG	0	2	0.000	1	1	0	1	1	False
PF02926.23	THUMP	0	2	0.000	1	1	0	0	1	False
PF06455.17	NADH5_C	0	1	0.000	1	1	0	1	1	False
PF08902.17	DUF1848	0	1	0.000	1	1	0	0	1	False
PF00419.27	Fimbrial	0	1	0.000	1	1	0	1	1	False
PF18898.6	DUF5654	0	1	0.000	1	1	0	0	1	False
PF00694.26	Aconitase_C	0	3	0.000	1	1	0	1	1	False
PF17642.7	TssD	0	1	0.000	1	1	0	0	1	False
PF01931.26	NTPase_I-T	0	1	0.000	1	1	0	0	1	False
PF16874.12	Glyco_hydro_36C	0	1	0.000	1	1	0	1	1	False
PF07666.17	MpPF26	0	1	0.000	1	1	0	0	1	False
PF30415.1	LarB_N	0	1	0.000	1	1	0	0	1	False
PF13558.13	SbcC_Walker_B	0	4	0.000	1	1	0	3	1	False
PF19576.5	Acyltransf_2	0	1	0.000	1	1	0	1	1	False
PF12358.14	DUF3644	0	1	0.000	1	1	0	0	1	False
PF24125.2	Cds6_C	0	1	0.000	1	1	0	1	1	False
PF01963.23	TraB_PrgY_gumN	0	1	0.000	1	1	0	1	1	False
PF12005.14	DUF3499	0	1	0.000	1	1	0	0	1	False
PF03476.22	MOSC_N	0	2	0.000	1	1	0	0	1	False
PF04865.20	Baseplate_J	0	1	0.000	1	1	0	1	1	False
PF00413.31	Peptidase_M10	0	3	0.000	1	1	0	2	1	False
PF02746.22	MR_MLE_N	0	2	0.000	1	1	0	1	1	False
PF01658.23	Inos-1-P_synth	0	1	0.000	1	1	0	1	1	False
PF18328.7	PfaD_N	0	1	0.000	1	1	0	1	1	False
PF01124.24	MAPEG	0	3	0.000	1	1	0	0	1	False
PF09012.18	FeoC	0	1	0.000	1	1	0	0	1	False
PF16499.12	Melibiase_2	0	5	0.000	1	1	0	4	1	False
PF02575.23	YbaB_DNA_bd	0	1	0.000	1	1	0	0	1	False
PF01313.25	Bac_export_3	0	1	0.000	1	1	0	0	1	False
PF00445.24	Ribonuclease_T2	0	1	0.000	1	1	0	0	1	False
PF06779.21	MFS_4	0	1	0.000	1	1	0	1	1	False
PF19303.6	Anticodon_3	0	8	0.000	1	1	0	8	1	False
PF03819.23	MazG	0	4	0.000	1	1	0	0	1	False
PF04234.20	CopC	0	1	0.000	1	1	0	0	1	False
PF27139.1	Aq_1264_TM	0	1	0.000	1	1	0	0	1	False
PF10728.15	DUF2520	0	2	0.000	1	1	0	0	1	False
PF09685.16	MamF_MmsF	0	1	0.000	1	1	0	0	1	False
PF02433.21	FixO	0	1	0.000	1	1	0	0	1	False
PF08811.17	DUF1800	0	3	0.000	1	1	0	2	1	False
PF11730.14	DUF3297	0	1	0.000	1	1	0	0	1	False
PF04898.21	Glu_syn_central	0	1	0.000	1	1	0	1	1	False
PF20243.4	MbnP	0	1	0.000	1	1	0	0	1	False
PF21331.5	Isoamylase_C	0	1	0.000	1	1	0	1	1	False
PF07609.17	DUF1572	0	3	0.000	1	1	0	0	1	False
PF14771.12	DUF4476	0	2	0.000	1	1	0	0	1	False
PF08125.19	Mannitol_dh_C	0	1	0.000	1	1	0	0	1	False
PF02055.23	Glyco_hydro_30	0	2	0.000	1	1	0	2	1	False
PF02602.21	HEM4	0	3	0.000	1	1	0	0	1	False
PF02446.24	Glyco_hydro_77	0	1	0.000	1	1	0	1	1	False
PF28212.2	TraW-like	0	1	0.000	1	1	0	0	1	False
PF25087.2	GMPPB_C	0	3	0.000	1	1	0	1	1	False
PF14068.12	YuiB	0	1	0.000	1	1	0	0	1	False
PF05204.20	Hom_end	0	1	0.000	1	1	0	1	1	False
PF17850.8	CysA_C_terminal	0	1	0.000	1	1	0	0	1	False
PF15609.13	PRTase_2	0	1	0.000	1	1	0	0	1	False
PF03963.20	FlgD	0	1	0.000	1	1	0	0	1	False
PF21139.4	BT_MCC_alpha	0	1	0.000	1	1	0	1	1	False
PF01386.25	Ribosomal_L25p	0	5	0.000	1	1	0	0	1	False
PF04304.19	DUF454	0	1	0.000	1	1	0	0	1	False
PF05990.19	DUF900	0	1	0.000	1	1	0	0	1	False
PF09500.17	YiiD_C	0	2	0.000	1	1	0	0	1	False
PF01817.27	CM_2	0	2	0.000	1	1	0	0	1	False
PF02278.27	Lyase_8	0	1	0.000	1	1	0	1	1	False
PF13813.12	MBOAT_2	0	1	0.000	1	1	0	1	1	False
PF02567.22	PhzC-PhzF	0	4	0.000	1	1	0	0	1	False
PF13274.12	SocA_Panacea	0	1	0.000	1	1	0	0	1	False
PF08410.16	DUF1737	0	1	0.000	1	1	0	0	1	False
PF18564.8	Glyco_hydro_5_C	0	1	0.000	1	1	0	1	1	False
PF09163.17	Form-deh_trans	0	1	0.000	1	1	0	0	1	False
PF09134.17	Invasin_D3	0	1	0.000	1	1	0	1	1	False
PF21956.2	DUF6922	0	1	0.000	1	1	0	0	1	False
PF01782.26	RimM	0	2	0.000	1	1	0	0	1	False
PF01644.24	Chitin_synth_1	0	1	0.000	1	1	0	0	1	False
PF00710.26	Asparaginase	0	3	0.000	1	1	0	0	1	False
PF02551.22	Acyl_CoA_thio	0	1	0.000	1	1	0	0	1	False
PF21329.3	CYP38_PsbQ-like	0	1	0.000	1	1	0	0	1	False
PF08353.16	MurT_C	0	1	0.000	1	1	0	1	1	False
PF19630.6	DUF6134	0	1	0.000	1	1	0	0	1	False
PF23459.2	S1_RRP5	0	4	0.000	1	1	0	4	1	False
PF20442.4	BrxL_N	0	1	0.000	1	1	0	1	1	False
PF05974.19	DUF892	0	2	0.000	1	1	0	0	1	False
PF03130.23	HEAT_PBS	0	1	0.000	1	1	0	1	1	False
PF07463.17	NUMOD4	0	2	0.000	1	1	0	0	1	False
PF04386.19	SspB	0	1	0.000	1	1	0	0	1	False
PF14417.13	MEDS	0	2	0.000	1	1	0	0	1	False
PF29280.1	RnfG_N	0	1	0.000	1	1	0	0	1	False
PF26971.1	TM-like_Thioredoxin-like_C	0	2	0.000	1	1	0	0	1	False
PF01977.23	UbiD	0	2	0.000	1	1	0	1	1	False
PF13421.12	Band_7_1	0	1	0.000	1	1	0	0	1	False
PF18306.7	LDcluster4	0	2	0.000	1	1	0	0	1	False
PF03309.21	Pan_kinase	0	5	0.000	1	1	0	0	1	False
PF01014.24	Uricase	0	2	0.000	1	1	0	0	1	False
PF09314.18	DUF1972	0	1	0.000	1	1	0	0	1	False
PF07717.23	OB_NTP_bind	0	2	0.000	1	1	0	2	1	False
PF08340.17	YicC-like_C	0	1	0.000	1	1	0	0	1	False
PF02110.21	HK	0	1	0.000	1	1	0	1	1	False
PF03862.19	SpoVAC_SpoVAEB	0	1	0.000	1	1	0	0	1	False
PF08211.19	dCMP_cyt_deam_2	0	3	0.000	1	1	0	0	1	False
PF09486.16	HrpB7	0	1	0.000	1	1	0	0	1	False
PF11345.14	DUF3147	0	1	0.000	1	1	0	0	1	False
PF09699.16	Paired_CXXCH_1	0	2	0.000	1	1	0	0	1	False
PF13020.13	NOV_C	0	1	0.000	1	1	0	0	1	False
PF24755.3	SpoVR_C	0	1	0.000	1	1	0	1	1	False
PF01242.25	PTPS	0	3	0.000	1	1	0	0	1	False
PF03349.23	Toluene_X	0	2	0.000	1	1	0	2	1	False
PF00450.29	Peptidase_S10	0	1	0.000	1	1	0	1	1	False
PF03899.22	ATP-synt_I	0	1	0.000	1	1	0	0	1	False
PF13393.12	tRNA-synt_His	0	2	0.000	1	1	0	1	1	False
PF05736.18	OprF	0	1	0.000	1	1	0	1	1	False
PF03352.19	Adenine_glyco	0	3	0.000	1	1	0	0	1	False
PF13346.13	ABC2_membrane_5	0	1	0.000	1	1	0	0	1	False
PF14765.13	PS-DH	0	1	0.000	1	1	0	1	1	False
PF06397.18	Desulfoferrod_N	0	1	0.000	1	1	0	0	1	False
PF18152.7	DAHP_snth_FXD	0	1	0.000	1	1	0	0	1	False
PF07287.18	AtuA	0	1	0.000	1	1	0	1	1	False
PF09860.15	DUF2087	0	1	0.000	1	1	0	0	1	False
PF14842.12	FliG_N	0	1	0.000	1	1	0	0	1	False
PF04413.23	Glycos_transf_N	0	1	0.000	1	1	0	1	1	False
PF21537.3	DUF1980_C	0	2	0.000	1	1	0	0	1	False
PF02369.23	Big_1	0	1	0.000	1	1	0	1	1	False
PF03590.22	AsnA	0	1	0.000	1	1	0	0	1	False
PF00043.31	GST_C	0	4	0.000	1	1	0	0	1	False
PF09865.16	DUF2092	0	1	0.000	1	1	0	0	1	False
PF01986.24	DUF123	0	1	0.000	1	1	0	0	1	False
PF08482.16	HrpB_C	0	1	0.000	1	1	0	1	1	False
PF03088.23	Str_synth	0	1	0.000	1	1	0	1	1	False
PF01895.25	PhoU	0	3	0.000	1	1	0	2	1	False
PF06035.18	Peptidase_C93	0	1	0.000	1	1	0	0	1	False
PF10677.16	DUF2490	0	1	0.000	1	1	0	0	1	False
PF14567.12	SUKH_5	0	1	0.000	1	1	0	0	1	False
PF02662.22	FlpD	0	2	0.000	1	1	0	1	1	False
PF02120.22	Flg_hook	0	1	0.000	1	1	0	1	1	False
PF21302.4	Zn_ribbon_RlmA	0	1	0.000	1	1	0	0	1	False
PF13530.12	SCP2_2	0	1	0.000	1	1	0	1	1	False
PF03705.22	CheR_N	0	5	0.000	1	1	0	2	1	False
PF04442.20	CtaG_Cox11	0	1	0.000	1	1	0	0	1	False
PF06182.18	ABC2_membrane_6	0	1	0.000	1	1	0	0	1	False
PF22544.3	HYDIN_VesB_CFA65-like_Ig	0	2	0.000	1	1	0	1	1	False
PF21226.5	MalQ_N	0	1	0.000	1	1	0	1	1	False
PF00298.25	Ribosomal_L11	0	2	0.000	1	1	0	0	1	False
PF03621.20	MbtH	0	1	0.000	1	1	0	0	1	False
PF23763.3	Beta-barrel_GLAA-B_I	0	1	0.000	1	1	0	1	1	False
PF15617.13	C-C_Bond_Lyase	0	2	0.000	1	1	0	0	1	False
PF09190.18	DALR_2	0	3	0.000	1	1	0	3	1	False
PF01204.25	Trehalase	0	1	0.000	1	1	0	1	1	False
PF17099.11	TrpP	0	1	0.000	1	1	0	0	1	False
PF07914.18	DUF1679	0	1	0.000	1	1	0	1	1	False
PF03894.21	XFP	0	1	0.000	1	1	0	1	1	False
PF13681.12	PilX	0	1	0.000	1	1	0	0	1	False
PF00288.33	GHMP_kinases_N	0	6	0.000	1	1	0	1	1	False
PF00930.28	DPPIV_N	0	2	0.000	1	1	0	1	1	False
PF02050.23	FliJ	0	1	0.000	1	1	0	0	1	False
PF08863.16	YolD	0	1	0.000	1	1	0	0	1	False
PF16095.12	COR-A	0	1	0.000	1	1	0	1	1	False
PF13337.13	BrxL_ATPase	0	1	0.000	1	1	0	1	1	False
PF07732.22	Cu-oxidase_3	0	6	0.000	1	1	0	4	1	False
PF25355.2	DUF7882	0	1	0.000	1	1	0	0	1	False
PF03212.21	Pertactin	0	1	0.000	1	1	0	1	1	False
PF01613.25	Flavin_Reduct	0	11	0.000	1	1	0	0	1	False
PF01850.28	PIN	0	11	0.000	1	1	0	0	1	False
PF13429.13	TPR_15	0	1	0.000	1	1	0	1	1	False
PF27511.2	ComFA_N	0	1	0.000	1	1	0	0	1	False
PF23381.2	Beta-prop_IFT122_1st	0	1	0.000	1	1	0	1	1	False
PF00797.24	Acetyltransf_2	0	1	0.000	1	1	0	0	1	False
PF02962.21	CHMI	0	1	0.000	1	1	0	0	1	False
PF07819.20	PGAP1	0	1	0.000	1	1	0	0	1	False
PF16192.11	PMT_4TMC	0	1	0.000	1	1	0	1	1	False
PF31080.1	DUF8805	0	1	0.000	1	1	0	1	1	False
PF22505.2	RNase_J_b_CASP	0	2	0.000	1	1	0	2	1	False
PF02033.24	RBFA	0	2	0.000	1	1	0	0	1	False
PF11797.15	WxLIP_HBD	0	1	0.000	1	1	0	0	1	False
PF14497.12	GST_C_3	0	2	0.000	1	1	0	0	1	False
PF03200.23	Glyco_hydro_63	0	1	0.000	1	1	0	1	1	False
PF13852.12	DUF4197	0	1	0.000	1	1	0	0	1	False
PF20067.6	SSL_N	0	1	0.000	1	1	0	1	1	False
PF28028.1	Amuc_1100	0	1	0.000	1	1	0	1	1	False
PF05223.18	MecA_N	0	1	0.000	1	1	0	1	1	False
PF12811.13	BaxI_1	0	1	0.000	1	1	0	0	1	False
PF13288.13	DXPR_C	0	1	0.000	1	1	0	0	1	False
PF07087.17	DUF1353	0	1	0.000	1	1	0	0	1	False
PF00821.24	PEPCK_GTP	0	2	0.000	1	1	0	2	1	False
PF16701.11	Ad_Cy_reg	0	1	0.000	1	1	0	0	1	False
PF01619.25	Pro_dh	0	2	0.000	1	1	0	2	1	False
PF21186.3	DUF6852	0	1	0.000	1	1	0	0	1	False
PF01503.23	PRA-PH	0	3	0.000	1	1	0	0	1	False
PF14257.12	DUF4349	0	1	0.000	1	1	0	0	1	False
PF05982.18	Sbt_1	0	1	0.000	1	1	0	0	1	False
PF20248.4	DUF6603	0	1	0.000	1	1	0	1	1	False
PF17648.8	Luciferase	0	1	0.000	1	1	0	0	1	False
PF13149.13	Mfa_like_1	0	1	0.000	1	1	0	1	1	False
PF17042.11	NBD_C	0	1	0.000	1	1	0	1	1	False
PF01192.28	RNA_pol_Rpb6	0	2	0.000	1	1	0	0	1	False
PF03738.21	GSP_synth	0	1	0.000	1	1	0	0	1	False
PF13573.13	SprB	0	1	0.000	1	1	0	0	1	False
PF22694.2	CtpB_N-like	0	1	0.000	1	1	0	1	1	False
PF10098.15	DUF2336	0	1	0.000	1	1	0	0	1	False
PF16998.12	17kDa_Anti_2	0	1	0.000	1	1	0	0	1	False
PF17202.11	sCache_3_3	0	1	0.000	1	1	0	1	1	False
PF30392.1	YehY_N	0	1	0.000	1	1	0	0	1	False
PF01960.24	ArgJ	0	2	0.000	1	1	0	2	1	False
PF09269.17	DUF1967	0	2	0.000	1	1	0	2	1	False
PF02589.22	LUD_dom	0	1	0.000	1	1	0	0	1	False
PF06824.18	Glyco_hydro_125	0	1	0.000	1	1	0	1	1	False
PF08308.18	PEGA	0	3	0.000	1	1	0	2	1	False
PF02577.20	BFN_dom	0	1	0.000	1	1	0	0	1	False
PF02624.22	YcaO	0	1	0.000	1	1	0	1	1	False
PF01018.29	GTP1_OBG	0	2	0.000	1	1	0	2	1	False
PF00306.33	ATP-synt_ab_C	0	4	0.000	1	1	0	4	1	False
PF12771.14	SusD-like_2	0	1	0.000	1	1	0	1	1	False
PF00771.26	FHIPEP	0	1	0.000	1	1	0	1	1	False
PF23493.2	CysS_C	0	4	0.000	1	1	0	3	1	False
PF01264.27	Chorismate_synt	0	3	0.000	1	1	0	0	1	False
PF03203.20	MerC	0	1	0.000	1	1	0	0	1	False
PF20510.5	HgmA_N	0	1	0.000	1	1	0	0	1	False
PF10411.15	DsbC_N	0	1	0.000	1	1	0	0	1	False
PF14698.12	ASL_C2	0	2	0.000	1	1	0	2	1	False
PF14100.12	DUF6807	0	1	0.000	1	1	0	0	1	False
PF20177.4	DUF6542	0	2	0.000	1	1	0	0	1	False
PF12536.14	DUF3734	0	1	0.000	1	1	0	1	1	False
PF13296.12	T6SS_Vgr	0	1	0.000	1	1	0	0	1	False
PF08237.18	PE-PPE	0	1	0.000	1	1	0	0	1	False
PF00195.26	Chal_sti_synt_N	0	1	0.000	1	1	0	0	1	False
PF27125.1	FimW_C	0	1	0.000	1	1	0	1	1	False
PF06245.17	DUF1015	0	1	0.000	1	1	0	1	1	False
PF22777.2	VKGC_lumenal_dom	0	1	0.000	1	1	0	0	1	False
PF19816.5	DUF6299	0	1	0.000	1	1	0	0	1	False
PF16200.11	Band_7_C	0	1	0.000	1	1	0	0	1	False
PF12890.14	DHOase	0	2	0.000	1	1	0	1	1	False
PF03209.22	PUCC	0	3	0.000	1	1	0	3	1	False
PF23234.2	WHD_4th_Lhr	0	2	0.000	1	1	0	2	1	False
PF30403.1	LysM_MltD	0	2	0.000	1	1	0	2	1	False
PF03776.21	MinE	0	2	0.000	1	1	0	0	1	False
PF03562.23	MltA	0	1	0.000	1	1	0	1	1	False
PF27507.1	DjlA_TM	0	1	0.000	1	1	0	0	1	False
PF01833.31	TIG	0	2	0.000	1	1	0	1	1	False
PF12646.13	DUF3783	0	1	0.000	1	1	0	0	1	False
PF25583.2	WCX	0	2	0.000	1	1	0	0	1	False
PF05936.18	T6SS_VasE	0	1	0.000	1	1	0	1	1	False
PF24877.2	ILV_EDD_C	0	4	0.000	1	1	0	4	1	False
PF21694.3	DNA_pol3_delta_C	0	1	0.000	1	1	0	0	1	False
PF09604.16	Potass_KdpF	0	1	0.000	1	1	0	0	1	False
PF18582.7	HZS_alpha	0	1	0.000	1	1	0	1	1	False
PF19802.5	DUF6285	0	1	0.000	1	1	0	0	1	False
PF00722.29	Glyco_hydro_16	0	3	0.000	1	1	0	2	1	False
PF12769.13	PNTB_4TM	0	2	0.000	1	1	0	0	1	False
PF18603.8	LAL_C2	0	1	0.000	1	1	0	1	1	False
PF07063.20	HGLS	0	1	0.000	1	1	0	0	1	False
PF02733.23	Dak1	0	1	0.000	1	1	0	0	1	False
PF21654.4	DncV-like_NTFase	0	1	0.000	1	1	0	0	1	False
PF02322.21	Cyt_bd_oxida_II	0	2	0.000	1	1	0	0	1	False
PF03382.21	DUF285	0	1	0.000	1	1	0	1	1	False
PF07905.17	PucR	0	1	0.000	1	1	0	1	1	False
PF11528.14	DUF3224	0	1	0.000	1	1	0	0	1	False
PF06865.18	Ppnp	0	2	0.000	1	1	0	0	1	False
PF06826.18	Asp-Al_Ex	0	1	0.000	1	1	0	1	1	False
PF19297.5	QcrA_N	0	1	0.000	1	1	0	0	1	False
PF02679.22	ComA	0	1	0.000	1	1	0	0	1	False
PF21478.4	GcvP2_C	0	4	0.000	1	1	0	4	1	False
PF22478.2	DUF6982	0	1	0.000	1	1	0	0	1	False
PF10094.15	DUF2332	0	1	0.000	1	1	0	0	1	False
PF20921.4	DUF1846_C	0	2	0.000	1	1	0	2	1	False
PF14194.13	Cys_rich_VLP	0	1	0.000	1	1	0	0	1	False
PF01288.26	HPPK	0	1	0.000	1	1	0	0	1	False
PF10276.15	zf-CHCC	0	2	0.000	1	1	0	0	1	False
PF20257.4	SAM_HAT_C	0	1	0.000	1	1	0	0	1	False
PF08922.18	DUF1905	0	2	0.000	1	1	0	0	1	False
PF03473.24	MOSC	0	2	0.000	1	1	0	0	1	False
PF07136.17	DUF1385	0	3	0.000	1	1	0	0	1	False
PF00453.24	Ribosomal_L20	0	4	0.000	1	1	0	0	1	False
PF09832.15	DUF2059	0	1	0.000	1	1	0	0	1	False
PF14141.12	YqzM	0	1	0.000	1	1	0	0	1	False
PF07470.20	Glyco_hydro_88	0	1	0.000	1	1	0	0	1	False
PF10722.15	YbjN	0	1	0.000	1	1	0	1	1	False
PF30669.1	NUDT19_Nudix	0	1	0.000	1	1	0	0	1	False
PF04075.21	F420H2_quin_red	0	2	0.000	1	1	0	0	1	False
PF00623.26	RNA_pol_Rpb1_2	0	2	0.000	1	1	0	2	1	False
PF02361.22	CbiQ	0	1	0.000	1	1	0	0	1	False
PF29244.1	Methyltransf_ANTKMT	0	1	0.000	1	1	0	0	1	False
PF28601.1	HSP15_C	0	1	0.000	1	1	0	0	1	False
PF17989.8	ALP_N	0	2	0.000	1	1	0	0	1	False
PF02955.22	GSH-S_ATP	0	2	0.000	1	1	0	0	1	False
PF08532.17	Glyco_hydro_42M	0	3	0.000	1	1	0	3	1	False
PF05433.21	Rick_17kDa_Anti	0	1	0.000	1	1	0	0	1	False
PF27539.1	Y2318_C	0	2	0.000	1	1	0	0	1	False
PF25937.1	DUF7980	0	1	0.000	1	1	0	0	1	False
PF19363.5	DUF5939	0	1	0.000	1	1	0	1	1	False
PF25362.2	bPH_11	0	1	0.000	1	1	0	0	1	False
PF22421.2	SYY_C-terminal	0	5	0.000	1	1	0	3	1	False
PF00490.28	ALAD	0	3	0.000	1	1	0	0	1	False
PF05524.19	PEP-utilisers_N	0	2	0.000	1	1	0	2	1	False
PF11028.15	TMEM260_N	0	1	0.000	1	1	0	0	1	False
PF22590.3	Cas3-like_C_2	0	2	0.000	1	1	0	2	1	False
PF09898.15	DUF2125	0	1	0.000	1	1	0	0	1	False
PF08446.18	PAS_2	0	1	0.000	1	1	0	1	1	False
PF30518.1	Mfd_cyano	0	1	0.000	1	1	0	1	1	False
PF14841.12	FliG_M	0	1	0.000	1	1	0	0	1	False
PF27099.1	Rv1733c	0	1	0.000	1	1	0	0	1	False
PF02239.23	Cytochrom_D1	0	2	0.000	1	1	0	0	1	False
PF05651.20	Diacid_rec	0	1	0.000	1	1	0	0	1	False
PF03321.20	GH3	0	2	0.000	1	1	0	2	1	False
PF11987.14	IF-2	0	4	0.000	1	1	0	4	1	False
PF09363.16	XFP_C	0	1	0.000	1	1	0	1	1	False
PF00574.29	CLP_protease	0	7	0.000	1	1	0	1	1	False
PF03073.21	TspO_MBR	0	2	0.000	1	1	0	0	1	False
PF27203.1	Y4lR_C	0	1	0.000	1	1	0	1	1	False
PF17851.9	GH43_C2	0	1	0.000	1	1	0	1	1	False
PF05336.20	rhaM	0	2	0.000	1	1	0	0	1	False
PF21075.4	GDH_ACT1	0	1	0.000	1	1	0	1	1	False
PF29697.1	GerT_C	0	1	0.000	1	1	0	0	1	False
PF01645.24	Glu_synthase	0	10	0.000	1	1	0	3	1	False
PF08220.19	HTH_DeoR	0	10	0.000	1	1	0	0	1	False
PF06769.21	YoeB_toxin	0	2	0.000	1	1	0	0	1	False
PF01235.25	Na_Ala_symp	0	3	0.000	1	1	0	3	1	False
PF12688.14	TPR_5	0	1	0.000	1	1	0	1	1	False
PF04227.18	Indigoidine_A	0	1	0.000	1	1	0	0	1	False
PF16656.12	Pur_ac_phosph_N	0	3	0.000	1	1	0	3	1	False
PF19700.6	DUF6198	0	2	0.000	1	1	0	0	1	False
PF10335.15	DUF294_C	0	1	0.000	1	1	0	1	1	False
PF14691.12	Fer4_20	0	6	0.000	1	1	0	6	1	False
PF03719.22	Ribosomal_S5_C	0	2	0.000	1	1	0	0	1	False
PF30636.1	Methyltransf_37	0	4	0.000	1	1	0	0	1	False
PF02788.22	RuBisCO_large_N	0	1	0.000	1	1	0	1	1	False
PF03880.22	DbpA	0	4	0.000	1	1	0	4	1	False
PF13802.13	Gal_mutarotas_2	0	1	0.000	1	1	0	1	1	False
PF16367.12	RRM_7	0	1	0.000	1	1	0	0	1	False
PF00765.24	Autoind_synth	0	1	0.000	1	1	0	0	1	False
PF19436.5	ACS_CODH_B_C	0	1	0.000	1	1	0	1	1	False
PF07178.17	TraL	0	1	0.000	1	1	0	0	1	False
PF12116.15	SpoIIID	0	1	0.000	1	1	0	0	1	False
PF16870.11	OxoGdeHyase_C	0	1	0.000	1	1	0	1	1	False
PF00281.25	Ribosomal_L5	0	1	0.000	1	1	0	0	1	False
PF08898.16	DUF1843	0	1	0.000	1	1	0	1	1	False
PF22905.3	Hydro_N_hd	0	1	0.000	1	1	0	0	1	False
PF00850.25	Hist_deacetyl	0	2	0.000	1	1	0	0	1	False
PF04657.20	DMT_YdcZ	0	2	0.000	1	1	0	0	1	False
PF03007.22	WS_DGAT_cat	0	2	0.000	1	1	0	1	1	False
PF06628.18	Catalase-rel	0	1	0.000	1	1	0	1	1	False
PF13689.12	DUF4154	0	1	0.000	1	1	0	0	1	False
PF03967.19	PRCH	0	1	0.000	1	1	0	0	1	False
PF26090.1	SH3_HelY	0	1	0.000	1	1	0	1	1	False
PF18145.7	SAVED	0	1	0.000	1	1	0	1	1	False
PF17363.9	DUF5388	0	1	0.000	1	1	0	0	1	False
PF14297.13	Lin1244_N	0	1	0.000	1	1	0	0	1	False
PF18211.8	Csm1_B	0	1	0.000	1	1	0	1	1	False
PF02625.22	XdhC_CoxI	0	1	0.000	1	1	0	0	1	False
PF30054.1	GIY-YIG_UvrC	0	2	0.000	1	1	0	1	1	False
PF13567.12	DUF4131	0	2	0.000	1	1	0	1	1	False
PF00689.27	Cation_ATPase_C	0	4	0.000	1	1	0	4	1	False
PF04282.19	DUF438	0	1	0.000	1	1	0	1	1	False
PF01544.24	CorA	0	2	0.000	1	1	0	0	1	False
PF30777.1	DUF8731	0	1	0.000	1	1	0	1	1	False
PF06949.17	DUF1292	0	1	0.000	1	1	0	0	1	False
PF01106.23	NifU	0	2	0.000	1	1	0	0	1	False
PF02460.25	Patched	0	1	0.000	1	1	0	1	1	False
PF01596.24	Methyltransf_3	0	2	0.000	1	1	0	0	1	False
PF27452.1	KefB_C	0	2	0.000	1	1	0	2	1	False
PF01490.25	Aa_trans	0	1	0.000	1	1	0	0	1	False
PF21687.4	T2SSK_1st	0	2	0.000	1	1	0	1	1	False
PF06725.18	3D	0	1	0.000	1	1	0	1	1	False
PF02603.22	Hpr_kinase_N	0	1	0.000	1	1	0	0	1	False
PF14343.12	PrcB_C	0	1	0.000	1	1	0	0	1	False
PF02527.22	GidB	0	3	0.000	1	1	0	0	1	False
PF02508.20	Rnf-Nqr	0	1	0.000	1	1	0	0	1	False
PF19304.5	PGDH_inter	0	2	0.000	1	1	0	2	1	False
PF25838.1	Apionate_lact_M	0	1	0.000	1	1	0	1	1	False
PF11551.15	Omp28	0	1	0.000	1	1	0	0	1	False
PF17941.8	PP_kinase_C_1	0	1	0.000	1	1	0	1	1	False
PF01343.24	Peptidase_S49	0	8	0.000	1	1	0	4	1	False
PF09186.18	DUF1949	0	3	0.000	1	1	0	0	1	False
PF14792.13	DNA_pol_B_palm	0	1	0.000	1	1	0	1	1	False
PF20990.3	DUF2207_C	0	2	0.000	1	1	0	1	1	False
PF06737.20	Transglycosylas	0	1	0.000	1	1	0	0	1	False
PF01431.28	Peptidase_M13	0	1	0.000	1	1	0	1	1	False
PF13454.13	NAD_binding_9	0	2	0.000	1	1	0	2	1	False
PF02985.29	HEAT	0	1	0.000	1	1	0	0	1	False
PF27446.1	GlnD_5th	0	2	0.000	1	1	0	2	1	False
PF04954.19	SIP	0	2	0.000	1	1	0	1	1	False
PF06153.17	CdAMP_rec	0	1	0.000	1	1	0	0	1	False
PF14312.13	FG-GAP_2	0	1	0.000	1	1	0	1	1	False
PF17866.9	AAA_lid_6	0	1	0.000	1	1	0	0	1	False
PF04734.19	Ceramidase_alk	0	1	0.000	1	1	0	1	1	False
PF03575.24	Peptidase_S51	0	2	0.000	1	1	0	0	1	False
PF10005.15	Zn_ribbon_DZR_6	0	2	0.000	1	1	0	0	1	False
PF22233.3	PhyR_sigma-like	0	1	0.000	1	1	0	0	1	False
PF09701.16	Cas_Cmr5	0	1	0.000	1	1	0	0	1	False
PF16976.11	RcpC	0	1	0.000	1	1	0	0	1	False
PF25975.1	CzcB_C	0	2	0.000	1	1	0	2	1	False
PF14518.12	Haem_oxygenas_2	0	2	0.000	1	1	0	0	1	False
PF09923.15	DUF2155	0	3	0.000	1	1	0	0	1	False
PF05889.20	SepSecS	0	1	0.000	1	1	0	1	1	False
PF07331.17	TctB	0	3	0.000	1	1	0	0	1	False
PF02092.23	tRNA_synt_2f	0	3	0.000	1	1	0	2	1	False
PF19461.5	DUF5998	0	1	0.000	1	1	0	0	1	False
PF03938.20	OmpH	0	4	0.000	1	1	0	0	1	False
PF21939.2	Gp10_C	0	1	0.000	1	1	0	0	1	False
PF11575.14	FhuF_C	0	1	0.000	1	1	0	0	1	False
PF01297.23	ZnuA	0	2	0.000	1	1	0	0	1	False
PF13638.13	PIN_4	0	1	0.000	1	1	0	1	1	False
PF06980.18	DUF1302	0	1	0.000	1	1	0	1	1	False
PF00218.29	IGPS	0	4	0.000	1	1	0	1	1	False
PF07639.17	YTV	0	1	0.000	1	1	0	1	1	False
PF20120.6	DUF6510	0	1	0.000	1	1	0	0	1	False
PF03881.21	Fructosamin_kin	0	2	0.000	1	1	0	0	1	False
PF09648.16	YycI	0	1	0.000	1	1	0	0	1	False
PF24694.2	LNS2_PITM1-3	0	1	0.000	1	1	0	0	1	False
PF09991.15	DUF2232	0	1	0.000	1	1	0	0	1	False
PF01219.25	DAGK_prokar	0	2	0.000	1	1	0	0	1	False
PF04972.23	BON	0	3	0.000	1	1	0	0	1	False
PF12200.14	DUF3597	0	1	0.000	1	1	0	0	1	False
PF06429.19	Flg_bbr_C	0	7	0.000	1	1	0	5	1	False
PF00686.26	CBM_20	0	1	0.000	1	1	0	1	1	False
PF00119.26	ATP-synt_A	0	1	0.000	1	1	0	0	1	False
PF04456.18	DUF503	0	1	0.000	1	1	0	0	1	False
PF21073.3	GDH_HM1	0	2	0.000	1	1	0	1	1	False
PF29298.1	APHB_HrpA	0	1	0.000	1	1	0	1	1	False
PF00333.27	Ribosomal_S5	0	2	0.000	1	1	0	0	1	False
PF14716.14	HHH_8	0	2	0.000	1	1	0	1	1	False
PF19361.5	DUF5937	0	1	0.000	1	1	0	0	1	False
PF04085.21	MreC	0	5	0.000	1	1	0	0	1	False
PF22580.3	KYNU_C	0	2	0.000	1	1	0	2	1	False
PF02636.24	Methyltransf_28	0	2	0.000	1	1	0	0	1	False
PF08305.18	NPCBM	0	1	0.000	1	1	0	1	1	False
PF14464.12	Prok-JAB	0	3	0.000	1	1	0	0	1	False
PF00215.31	OMPdecase	0	3	0.000	1	1	0	1	1	False
PF14256.12	YwiC	0	1	0.000	1	1	0	0	1	False
PF00416.28	Ribosomal_S13	0	2	0.000	1	1	0	0	1	False
PF17189.11	Glyco_hydro_30C	0	2	0.000	1	1	0	2	1	False
PF13290.14	CHB_HEX_C_1	0	3	0.000	1	1	0	2	1	False
PF03576.20	Peptidase_S58	0	2	0.000	1	1	0	0	1	False
PF00366.27	Ribosomal_S17	0	1	0.000	1	1	0	0	1	False
PF20037.5	DUF6440	0	2	0.000	1	1	0	0	1	False
PF06123.18	CreD	0	1	0.000	1	1	0	1	1	False
PF22335.2	Cas10-Cmr2_palm2	0	2	0.000	1	1	0	2	1	False
PF10824.15	T7SS_ESX_EspC	0	1	0.000	1	1	0	1	1	False
PF12894.14	ANAPC4_WD40	0	1	0.000	1	1	0	1	1	False
PF17785.8	PUA_3	0	2	0.000	1	1	0	2	1	False
PF04960.21	Glutaminase	0	1	0.000	1	1	0	0	1	False
PF05000.23	RNA_pol_Rpb1_4	0	2	0.000	1	1	0	2	1	False
PF01980.24	TrmO_N	0	1	0.000	1	1	0	0	1	False
PF21086.4	ACT_PSP_2	0	1	0.000	1	1	0	1	1	False
PF11964.14	SpoIIAA-like	0	2	0.000	1	1	0	0	1	False
PF19291.5	TREH_N	0	1	0.000	1	1	0	1	1	False
PF10079.16	Rossmann-like_BshC	0	1	0.000	1	1	0	1	1	False
PF11325.15	DUF3127	0	1	0.000	1	1	0	0	1	False
PF11821.14	ActD	0	3	0.000	1	1	0	0	1	False
PF06754.18	PhnG	0	1	0.000	1	1	0	0	1	False
PF01678.25	DAP_epimerase	0	4	0.000	1	1	0	0	1	False
PF02659.22	Mntp	0	1	0.000	1	1	0	0	1	False
PF10576.15	EndIII_4Fe-2S	0	5	0.000	1	1	0	0	1	False
PF06257.18	VEG	0	1	0.000	1	1	0	0	1	False
PF06912.17	DUF1275	0	1	0.000	1	1	0	0	1	False
PF26113.1	GH16_XgeA	0	3	0.000	1	1	0	2	1	False
PF14355.13	Abi_C	0	1	0.000	1	1	0	0	1	False
PF01059.23	Oxidored_q5_N	0	1	0.000	1	1	0	0	1	False
PF07750.18	GcrA	0	2	0.000	1	1	0	0	1	False
PF08123.20	DOT1	0	1	0.000	1	1	0	0	1	False
PF07826.17	IMP_cyclohyd	0	1	0.000	1	1	0	0	1	False
PF05430.18	Methyltransf_30	0	1	0.000	1	1	0	1	1	False
PF01890.22	CbiG_C	0	1	0.000	1	1	0	0	1	False
PF04122.18	CW_binding_2	0	1	0.000	1	1	0	1	1	False
PF08310.18	LGFP	0	1	0.000	1	1	0	0	1	False
PF00174.26	Oxidored_molyb	0	2	0.000	1	1	0	0	1	False
PF03259.24	Robl_LC7	0	1	0.000	1	1	0	0	1	False
PF16267.11	DUF4920	0	1	0.000	1	1	0	0	1	False
PF19609.5	DUF6114	0	1	0.000	1	1	0	0	1	False
PF12724.13	Flavodoxin_5	0	2	0.000	1	1	0	0	1	False
PF22441.3	CLIC-like_N	0	1	0.000	1	1	0	0	1	False
PF20408.5	Abhydrolase_11	0	1	0.000	1	1	0	0	1	False
PF13449.13	Phytase-like	0	1	0.000	1	1	0	0	1	False
PF02685.23	Glucokinase	0	2	0.000	1	1	0	0	1	False
PF11162.14	DUF2946	0	2	0.000	1	1	0	0	1	False
PF06406.18	StbA_N	0	1	0.000	1	1	0	0	1	False
PF11299.14	DUF3100	0	1	0.000	1	1	0	0	1	False
PF01306.26	LacY_symp	0	2	0.000	1	1	0	1	1	False
PF03100.23	CcmE	0	2	0.000	1	1	0	0	1	False
PF21277.3	T6SS_VgrG3-like_C	0	1	0.000	1	1	0	1	1	False
PF05592.19	Bac_rhamnosid	0	1	0.000	1	1	0	1	1	False
PF06947.18	DUF1290	0	1	0.000	1	1	0	0	1	False
PF02805.22	Ada_Zn_binding	0	2	0.000	1	1	0	1	1	False
PF00931.29	NB-ARC	0	2	0.000	1	1	0	2	1	False
PF19081.7	Ig_7	0	1	0.000	1	1	0	1	1	False
PF14123.12	DUF4290	0	2	0.000	1	1	0	0	1	False
PF11385.14	DUF3189	0	1	0.000	1	1	0	0	1	False
PF10756.16	bPH_6	0	1	0.000	1	1	0	0	1	False
PF23291.2	KOW4_SPT5	0	1	0.000	1	1	0	0	1	False
PF04093.18	MreD	0	1	0.000	1	1	0	0	1	False
PF00988.29	CPSase_sm_chain	0	2	0.000	1	1	0	0	1	False
PF30638.1	bPH_12	0	1	0.000	1	1	0	0	1	False
PF08361.17	TetR_C_2	0	1	0.000	1	1	0	0	1	False
PF21076.4	GDH_ACT2	0	1	0.000	1	1	0	1	1	False
PF12073.15	DUF3553	0	1	0.000	1	1	0	0	1	False
PF06144.20	DNA_pol3_delta	0	1	0.000	1	1	0	0	1	False
PF06240.20	COXG	0	1	0.000	1	1	0	0	1	False
PF01364.25	Peptidase_C25	0	1	0.000	1	1	0	1	1	False
PF08722.18	Tn7_TnsA-like_N	0	1	0.000	1	1	0	0	1	False
PF11191.14	DUF2782	0	1	0.000	1	1	0	0	1	False
PF04018.19	VCA0040-like	0	3	0.000	1	1	0	0	1	False
PF12558.14	DUF3744	0	1	0.000	1	1	0	1	1	False
PF17128.11	DUF5107	0	1	0.000	1	1	0	1	1	False
PF13396.12	PLDc_N	0	1	0.000	1	1	0	1	1	False
PF08669.18	GCV_T_C	0	6	0.000	1	1	0	2	1	False
PF05045.18	RgpF	0	1	0.000	1	1	0	1	1	False
PF04072.21	LCM	0	1	0.000	1	1	0	0	1	False
PF04391.18	DUF533	0	1	0.000	1	1	0	0	1	False
PF02436.24	PYC_OADA	0	1	0.000	1	1	0	0	1	False
PF01491.23	Frataxin_Cyay	0	1	0.000	1	1	0	0	1	False
PF14693.12	Ribosomal_TL5_C	0	5	0.000	1	1	0	0	1	False
PF18175.7	HU-CCDC81_bac_2	0	1	0.000	1	1	0	0	1	False
PF20606.4	DUF6799	0	1	0.000	1	1	0	1	1	False
PF10035.15	DUF2179	0	2	0.000	1	1	0	0	1	False
PF30046.1	Leu_Phe_trans_N	0	1	0.000	1	1	0	0	1	False
PF01281.26	Ribosomal_L9_N	0	3	0.000	1	1	0	0	1	False
PF06441.19	EHN	0	2	0.000	1	1	0	2	1	False
PF07456.17	Hpre_diP_synt_I	0	1	0.000	1	1	0	0	1	False
PF22698.2	Semialdhyde_dhC_1	0	5	0.000	1	1	0	0	1	False
PF08545.17	ACP_syn_III	0	3	0.000	1	1	0	0	1	False
PF30231.1	vWA_Rv0959	0	1	0.000	1	1	0	0	1	False
PF01878.25	EVE	0	2	0.000	1	1	0	1	1	False
PF12281.15	NTP_transf_8	0	1	0.000	1	1	0	0	1	False
PF21337.4	Peptidase_M17_N_1	0	1	0.000	1	1	0	1	1	False
PF17966.8	Muc_B2	0	1	0.000	1	1	0	0	1	False
PF24243.2	Phage_tail_C	0	1	0.000	1	1	0	0	1	False
PF14539.13	DUF4442	0	1	0.000	1	1	0	0	1	False
PF03379.21	CcmB	0	1	0.000	1	1	0	0	1	False
PF23359.2	Lsr2_DNA-bd	0	1	0.000	1	1	0	0	1	False
PF01970.22	TctA	0	2	0.000	1	1	0	1	1	False
PF01228.27	Gly_radical	0	2	0.000	1	1	0	2	1	False
PF03444.22	WHD_HrcA	0	2	0.000	1	1	0	0	1	False
PF27518.2	CcmC	0	2	0.000	1	1	0	0	1	False
PF06463.19	Mob_synth_C	0	5	0.000	1	1	0	1	1	False
PF09459.17	EB_dh	0	1	0.000	1	1	0	0	1	False
PF07559.20	FlgE_D2	0	1	0.000	1	1	0	1	1	False
PF07786.19	HGSNAT_cat	0	4	0.000	1	1	0	1	1	False
PF21701.5	GLOD4_C	0	1	0.000	1	1	0	0	1	False
PF02491.26	SHS2_FTSA	0	1	0.000	1	1	0	1	1	False
PF06026.21	Rib_5-P_isom_A	0	1	0.000	1	1	0	0	1	False
PF15887.12	Peptidase_Mx	0	2	0.000	1	1	0	0	1	False
PF28836.1	BamP_C	0	1	0.000	1	1	0	0	1	False
PF19328.5	DAP_DH_C	0	1	0.000	1	1	0	0	1	False
PF04293.21	SpoVR	0	2	0.000	1	1	0	2	1	False
PF13151.13	DUF3990	0	1	0.000	1	1	0	0	1	False
PF06249.19	EutQ	0	1	0.000	1	1	0	0	1	False
PF14375.12	Cys_rich_CWC	0	1	0.000	1	1	0	0	1	False
PF04820.21	Trp_halogenase	0	1	0.000	1	1	0	1	1	False
PF06386.17	GvpL_GvpF	0	1	0.000	1	1	0	0	1	False
PF14804.12	Jag_N	0	2	0.000	1	1	0	0	1	False
PF13000.14	Acatn	0	1	0.000	1	1	0	1	1	False
PF13719.11	Zn_ribbon_5	0	1	0.000	1	1	0	1	1	False
PF14356.12	DUF4403	0	1	0.000	1	1	0	1	1	False
PF04286.18	DUF445	0	1	0.000	1	1	0	1	1	False
PF27553.1	SLT_superhelical	0	1	0.000	1	1	0	1	1	False
PF02637.24	GatB_Yqey	0	2	0.000	1	1	0	2	1	False
PF11887.14	Mce4_CUP1	0	1	0.000	1	1	0	0	1	False
PF19647.5	Septknot	0	1	0.000	1	1	0	0	1	False
PF13090.13	PP_kinase_C	0	1	0.000	1	1	0	1	1	False
PF09866.15	DUF2093	0	1	0.000	1	1	0	0	1	False
PF24624.2	Int_N	0	1	0.000	1	1	0	0	1	False
PF03308.23	MeaB	0	2	0.000	1	1	0	1	1	False
PF07610.18	DUF1573	0	2	0.000	1	1	0	1	1	False
PF22244.3	GCE_fung	0	1	0.000	1	1	0	1	1	False
PF18975.7	DUF5711	0	1	0.000	1	1	0	0	1	False
PF08876.18	DUF1836	0	2	0.000	1	1	0	0	1	False
PF10090.16	HPTransfase	0	1	0.000	1	1	0	1	1	False
PF00813.26	FliP	0	3	0.000	1	1	0	0	1	False
PF06434.20	Aconitase_2_N	0	2	0.000	1	1	0	2	1	False
PF00625.28	Guanylate_kin	0	5	0.000	1	1	0	1	1	False
PF06629.19	MipA	0	1	0.000	1	1	0	0	1	False
PF05140.20	ResB	0	4	0.000	1	1	0	4	1	False
PF27750.1	SAM_AAE17_18	0	1	0.000	1	1	0	1	1	False
PF14759.13	Reductase_C	0	1	0.000	1	1	0	1	1	False
PF01795.26	Methyltransf_5	0	1	0.000	1	1	0	0	1	False
PF13400.12	Tad	0	1	0.000	1	1	0	1	1	False
PF29195.1	PBP_1A_C	0	1	0.000	1	1	0	1	1	False
PF04116.20	FA_hydroxylase	0	3	0.000	1	1	0	0	1	False
PF00959.25	Phage_lysozyme	0	1	0.000	1	1	0	0	1	False
PF19795.5	DUF6279	0	1	0.000	1	1	0	0	1	False
PF02657.22	SufE	0	2	0.000	1	1	0	0	1	False
PF13490.12	zf-HC2	0	6	0.000	1	1	0	0	1	False
PF14218.12	COP23	0	1	0.000	1	1	0	0	1	False
PF04608.19	PgpA	0	2	0.000	1	1	0	0	1	False
PF04366.18	Ysc84	0	1	0.000	1	1	0	0	1	False
PF11213.14	DUF3006	0	1	0.000	1	1	0	0	1	False
PF17754.7	TetR_C_14	0	2	0.000	1	1	0	0	1	False
PF00677.24	Lum_binding	0	3	0.000	1	1	0	0	1	False
PF09560.16	Spore_YunB	0	1	0.000	1	1	0	0	1	False
PF23368.2	DUF7092	0	1	0.000	1	1	0	0	1	False
PF06695.17	Sm_multidrug_ex	0	1	0.000	1	1	0	0	1	False
PF06224.19	AlkZ-like	0	2	0.000	1	1	0	2	1	False
PF13826.13	Monooxy_af470-like	0	1	0.000	1	1	0	0	1	False
PF25800.2	FimV_N	0	1	0.000	1	1	0	0	1	False
PF19580.6	Exo_endo_phos_3	0	1	0.000	1	1	0	1	1	False
PF07681.18	DoxX	0	3	0.000	1	1	0	0	1	False
PF13244.12	MbhD	0	2	0.000	1	1	0	2	1	False
PF01921.25	tRNA-synt_1f	0	2	0.000	1	1	0	2	1	False
PF00861.28	Ribosomal_L18p	0	5	0.000	1	1	0	0	1	False
PF01257.26	2Fe-2S_thioredx	0	5	0.000	1	1	0	2	1	False
PF19891.6	DUF6364	0	2	0.000	1	1	0	0	1	False
PF06804.19	BamC_C	0	1	0.000	1	1	0	0	1	False
PF05693.20	Glycogen_syn	0	2	0.000	1	1	0	2	1	False
PF13755.12	Sensor_TM1	0	1	0.000	1	1	0	1	1	False
PF02065.25	Melibiase	0	4	0.000	1	1	0	4	1	False
PF25839.1	Apionate_lact_C	0	1	0.000	1	1	0	1	1	False
PF00762.25	Ferrochelatase	0	1	0.000	1	1	0	0	1	False
PF06348.17	DUF1059	0	1	0.000	1	1	0	0	1	False
PF26205.1	SH3_actinomycetes	0	1	0.000	1	1	0	1	1	False
PF08823.17	PG_binding_2	0	1	0.000	1	1	0	0	1	False
PF03323.19	GerA	0	1	0.000	1	1	0	1	1	False
PF04013.18	Methyltrn_RNA_2	0	1	0.000	1	1	0	0	1	False
PF17179.10	Fer4_22	0	1	0.000	1	1	0	0	1	False
PF06177.17	QueT	0	1	0.000	1	1	0	0	1	False
PF14240.12	YHYH	0	1	0.000	1	1	0	0	1	False
PF08328.17	ASL_C	0	1	0.000	1	1	0	1	1	False
PF01398.27	JAB	0	2	0.000	1	1	0	0	1	False
PF18074.8	PriA_C	0	1	0.000	1	1	0	1	1	False
PF04724.19	Glyco_transf_17	0	1	0.000	1	1	0	0	1	False
PF01268.26	FTHFS	0	1	0.000	1	1	0	0	1	False
PF10432.15	bact-PGI_C	0	1	0.000	1	1	0	0	1	False
PF22935.2	RM44_endonuclase	0	1	0.000	1	1	0	0	1	False
PF08769.18	Spo0A_C	0	1	0.000	1	1	0	0	1	False
PF08531.17	Bac_rhamnosid_N	0	2	0.000	1	1	0	2	1	False
PF04253.21	TFR_dimer	0	1	0.000	1	1	0	1	1	False
PF21663.4	WipA_Phos	0	1	0.000	1	1	0	1	1	False
PF28689.1	LasA_N	0	1	0.000	1	1	0	1	1	False
PF03711.22	OKR_DC_1_C	0	3	0.000	1	1	0	3	1	False
PF14808.12	TMEM164	0	2	0.000	1	1	0	0	1	False
PF13675.12	PilJ	0	2	0.000	1	1	0	2	1	False
PF16527.12	CpxA_peri	0	1	0.000	1	1	0	1	1	False
PF05239.22	PRC	0	4	0.000	1	1	0	0	1	False
PF01175.25	Urocanase	0	1	0.000	1	1	0	1	1	False
PF16350.11	FAO_M	0	2	0.000	1	1	0	2	1	False
PF10962.14	DUF2764	0	1	0.000	1	1	0	0	1	False
PF05893.20	LuxC	0	4	0.000	1	1	0	4	1	False
PF14394.13	DUF4423	0	1	0.000	1	1	0	0	1	False
PF08570.16	DUF1761	0	1	0.000	1	1	0	0	1	False
PF00351.27	Biopterin_H	0	1	0.000	1	1	0	1	1	False
PF11888.14	DUF3408	0	1	0.000	1	1	0	0	1	False
PF30664.1	FeS_hyd_N	0	1	0.000	1	1	0	0	1	False
PF28475.1	DUF8413	0	1	0.000	1	1	0	0	1	False
PF03710.22	GlnE	0	1	0.000	1	1	0	1	1	False
PF23545.2	Zn_ribbon_HMPTM	0	1	0.000	1	1	0	0	1	False
PF02570.21	CbiC	0	2	0.000	1	1	0	0	1	False
PF05088.19	Bac_GDH_CD	0	1	0.000	1	1	0	1	1	False
PF03461.21	TRCF	0	3	0.000	1	1	0	3	1	False
PF19803.5	DUF6286	0	1	0.000	1	1	0	0	1	False
PF04235.19	DUF418	0	1	0.000	1	1	0	0	1	False
PF21016.4	RlmN_N	0	3	0.000	1	1	0	0	1	False
PF30803.1	HNH_assoc_N	0	1	0.000	1	1	0	0	1	False
PF02898.22	NO_synthase	0	1	0.000	1	1	0	1	1	False
PF02670.23	DXP_reductoisom	0	1	0.000	1	1	0	0	1	False
PF04940.19	BLUF	0	1	0.000	1	1	0	1	1	False
PF01232.30	Mannitol_dh	0	1	0.000	1	1	0	0	1	False
PF01205.26	Impact_N	0	3	0.000	1	1	0	0	1	False
PF04447.18	dATP-dGTP_PPHyd	0	1	0.000	1	1	0	0	1	False
PF06150.18	ChaB	0	1	0.000	1	1	0	0	1	False
PF00507.25	Oxidored_q4	0	2	0.000	1	1	0	0	1	False
PF05437.18	AzlD	0	1	0.000	1	1	0	0	1	False
PF13103.12	TonB_2	0	8	0.000	1	1	0	0	1	False
PF21360.4	PylC-like_N	0	1	0.000	1	1	0	0	1	False
PF08494.17	DEAD_assoc	0	3	0.000	1	1	0	3	1	False
PF13089.12	PP_kinase_N	0	2	0.000	1	1	0	1	1	False
PF14104.12	DUF4277	0	2	0.000	1	1	0	1	1	False
PF02720.23	DUF222	0	3	0.000	1	1	0	2	1	False
PF04095.23	NAPRTase	0	1	0.000	1	1	0	0	1	False
PF17764.7	PriA_3primeBD	0	1	0.000	1	1	0	1	1	False
PF09585.16	Lin0512_fam	0	1	0.000	1	1	0	0	1	False
PF09867.15	TagF_N	0	1	0.000	1	1	0	0	1	False
PF08014.18	MATCAP	0	1	0.000	1	1	0	1	1	False
PF10108.16	DNA_pol_B_exo2	0	1	0.000	1	1	0	0	1	False
PF06186.17	DUF992	0	1	0.000	1	1	0	0	1	False
PF02934.21	GatB_N	0	2	0.000	1	1	0	2	1	False
PF19278.5	Hydant_A_C	0	1	0.000	1	1	0	1	1	False
PF28608.1	DUF8443	0	1	0.000	1	1	0	1	1	False
PF02107.22	FlgH	0	1	0.000	1	1	0	0	1	False
PF12655.14	CDIF630_02480-like	0	1	0.000	1	1	0	0	1	False
PF02684.22	LpxB	0	2	0.000	1	1	0	0	1	False
PF16375.12	DUF4986	0	1	0.000	1	1	0	1	1	False
PF04993.19	TfoX_N	0	1	0.000	1	1	0	0	1	False
PF29189.1	FliF_N	0	2	0.000	1	1	0	2	1	False
PF27512.1	LeuD	0	1	0.000	1	1	0	0	1	False
PF05090.20	HTTM	0	1	0.000	1	1	0	0	1	False
PF03976.21	PPK2	0	5	0.000	1	1	0	0	1	False
PF00124.25	Photo_RC	0	1	0.000	1	1	0	0	1	False
PF30449.1	HilA_2nd	0	2	0.000	1	1	0	2	1	False
PF05810.20	NinF	0	1	0.000	1	1	0	1	1	False
PF09876.15	DUF2103	0	1	0.000	1	1	0	0	1	False
PF08803.18	ydhR	0	1	0.000	1	1	0	0	1	False
PF13287.13	Fn3_assoc	0	3	0.000	1	1	0	2	1	False
PF21079.3	GDH_HM2	0	1	0.000	1	1	0	1	1	False
PF13691.13	Lactamase_B_4	0	2	0.000	1	1	0	0	1	False
PF09976.16	TPR_21	0	2	0.000	1	1	0	0	1	False
PF30629.1	DUF8679	0	1	0.000	1	1	0	0	1	False
PF04998.23	RNA_pol_Rpb1_5	0	2	0.000	1	1	0	2	1	False
PF02511.21	Thy1	0	1	0.000	1	1	0	1	1	False
PF14490.12	HHH_RecD2	0	1	0.000	1	1	0	1	1	False
PF00282.26	Pyridoxal_deC	0	4	0.000	1	1	0	4	1	False
PF10944.14	DUF2630	0	1	0.000	1	1	0	0	1	False
PF10509.16	GalKase_gal_bdg	0	4	0.000	1	1	0	0	1	False
PF22458.2	RsmF-B_ferredox	0	2	0.000	1	1	0	2	1	False
PF07277.17	SapC	0	1	0.000	1	1	0	0	1	False
PF27439.2	DnaJ_C_2	0	1	0.000	1	1	0	0	1	False
PF16561.12	AMPK1_CBM	0	1	0.000	1	1	0	0	1	False
PF02571.21	CbiJ	0	1	0.000	1	1	0	0	1	False
PF01650.24	Peptidase_C13	0	1	0.000	1	1	0	1	1	False
PF05742.18	TANGO2	0	2	0.000	1	1	0	0	1	False
PF02543.22	Carbam_trans_N	0	1	0.000	1	1	0	0	1	False
PF07070.17	Spo0M	0	1	0.000	1	1	0	0	1	False
PF17827.7	PrmC_N	0	5	0.000	1	1	0	0	1	False
PF05649.19	Peptidase_M13_N	0	1	0.000	1	1	0	1	1	False
PF06347.20	SH3_4	0	5	0.000	1	1	0	0	1	False
PF04610.20	TrbL	0	2	0.000	1	1	0	1	1	False
PF11138.14	DUF2911	0	1	0.000	1	1	0	0	1	False
PF01597.26	GCV_H	0	5	0.000	1	1	0	0	1	False
PF28009.1	SCO5918	0	1	0.000	1	1	0	0	1	False
PF09924.16	LPG_synthase_C	0	2	0.000	1	1	0	2	1	False
PF14016.13	DUF4232	0	1	0.000	1	1	0	0	1	False
PF03407.23	Nucleotid_trans	0	1	0.000	1	1	0	0	1	False
PF30402.1	Rv1217c_C	0	1	0.000	1	1	0	1	1	False
PF17152.11	CHASE8	0	1	0.000	1	1	0	1	1	False
PF19190.7	BACON_2	0	1	0.000	1	1	0	1	1	False
PF29621.1	YbyB	0	1	0.000	1	1	0	0	1	False
PF08019.18	EptA_B_N	0	1	0.000	1	1	0	1	1	False
PF13030.12	DUF3891	0	1	0.000	1	1	0	0	1	False
PF00475.25	IGPD	0	5	0.000	1	1	0	0	1	False
PF11211.14	DUF2997	0	1	0.000	1	1	0	0	1	False
PF12965.14	DUF3854	0	1	0.000	1	1	0	1	1	False
PF21077.4	GDH_ACT3	0	1	0.000	1	1	0	1	1	False
PF05138.19	PaaA_PaaC	0	2	0.000	1	1	0	0	1	False
PF02544.22	Steroid_dh	0	2	0.000	1	1	0	0	1	False
PF01379.26	Porphobil_deam	0	2	0.000	1	1	0	0	1	False
PF10588.15	NADH-G_4Fe-4S_3	0	5	0.000	1	1	0	5	1	False
PF27207.1	Y4lR_2nd	0	1	0.000	1	1	0	1	1	False
PF12469.14	Cmr2_N	0	1	0.000	1	1	0	1	1	False
PF02675.23	AdoMet_dc	0	2	0.000	1	1	0	0	1	False
PF05751.17	FixH	0	1	0.000	1	1	0	0	1	False
PF10517.15	DM13	0	1	0.000	1	1	0	0	1	False
PF04267.18	SoxD	0	2	0.000	1	1	0	0	1	False
PF12913.14	SH3_6	0	1	0.000	1	1	0	1	1	False
PF03413.26	PepSY	0	2	0.000	1	1	0	0	1	False
PF14791.12	DNA_pol_B_thumb	0	1	0.000	1	1	0	1	1	False
PF21327.4	GspA_C39-like	0	1	0.000	1	1	0	1	1	False
PF07179.18	SseB	0	1	0.000	1	1	0	0	1	False
PF13493.12	DUF4118	0	1	0.000	1	1	0	1	1	False
PF12500.14	TRSP	0	1	0.000	1	1	0	0	1	False
PF11638.14	DnaA_N	0	4	0.000	1	1	0	4	1	False
PF14052.13	Caps_assemb_Wzi	0	1	0.000	1	1	0	1	1	False
PF09298.17	FAA_hydrolase_N	0	1	0.000	1	1	0	1	1	False
PF20251.5	Big_14	0	1	0.000	1	1	0	0	1	False
PF12279.14	DUF3619	0	2	0.000	1	1	0	0	1	False
PF11231.15	DUF3034	0	1	0.000	1	1	0	0	1	False
PF07460.17	NUMOD3	0	1	0.000	1	1	0	0	1	False
PF07318.19	DUF1464	0	1	0.000	1	1	0	0	1	False
PF00410.25	Ribosomal_S8	0	4	0.000	1	1	0	0	1	False
PF13729.13	TraF_2	0	1	0.000	1	1	0	1	1	False
PF08543.18	Phos_pyr_kin	0	6	0.000	1	1	0	1	1	False
